-- master_data.sql
-- SQLite schema and seed data for Department, User, Account, and Product master tables.

PRAGMA foreign_keys = ON;

-- Department: 1 record = 1 team
CREATE TABLE IF NOT EXISTS Department (
  id INTEGER PRIMARY KEY,
  name TEXT NOT NULL,
  division_name TEXT NOT NULL,
  department_type TEXT NOT NULL CHECK (department_type IN ('Sales', 'Support'))
);

-- User: includes sales and support members
CREATE TABLE IF NOT EXISTS User (
  id INTEGER PRIMARY KEY,
  department_id INTEGER NOT NULL REFERENCES Department(id),
  name TEXT NOT NULL,
  email TEXT NOT NULL UNIQUE,
  role TEXT NOT NULL CHECK (role IN ('SalesRep', 'SalesManager', 'SupportEngineer', 'SupportLead')),
  is_active INTEGER NOT NULL DEFAULT 1,
  created_at TEXT NOT NULL DEFAULT CURRENT_TIMESTAMP
);

-- Account: customer records owned by sales teams
CREATE TABLE IF NOT EXISTS Account (
  id INTEGER PRIMARY KEY,
  name TEXT NOT NULL,
  industry TEXT NOT NULL,
  billing_country TEXT NOT NULL,
  billing_city TEXT NOT NULL,
  owner_user_id INTEGER NOT NULL REFERENCES User(id),
  department_id INTEGER NOT NULL REFERENCES Department(id),
  created_at TEXT NOT NULL DEFAULT CURRENT_TIMESTAMP
);

CREATE INDEX IF NOT EXISTS idx_account_owner ON Account(owner_user_id);
CREATE INDEX IF NOT EXISTS idx_account_department ON Account(department_id);

-- Product: software catalog including subscription and service offerings
CREATE TABLE IF NOT EXISTS Product (
  id INTEGER PRIMARY KEY,
  name TEXT NOT NULL,
  category TEXT NOT NULL CHECK (category IN ('Core', 'Addon', 'Service')),
  unit_price REAL NOT NULL,
  is_subscription INTEGER NOT NULL DEFAULT 1,
  default_term_months INTEGER,
  is_active INTEGER NOT NULL DEFAULT 1
);

-- ========================
-- Department seed data
-- ========================
INSERT INTO Department (id, name, division_name, department_type) VALUES
  (1, '東日本製造・流通営業1課', '営業第1ディビジョン（東日本）', 'Sales'),
  (2, '東日本製造・流通営業2課', '営業第1ディビジョン（東日本）', 'Sales'),
  (3, '西日本パートナー営業課', '営業第1ディビジョン（東日本）', 'Sales'),
  (4, '公共・金融営業第1課', '営業第2ディビジョン（公共・金融）', 'Sales'),
  (5, '公共・金融営業第2課', '営業第2ディビジョン（公共・金融）', 'Sales'),
  (6, 'グローバルアカウント第1課', 'エンタープライズ営業本部', 'Sales'),
  (7, 'グローバルアカウント第2課', 'エンタープライズ営業本部', 'Sales'),
  (8, 'オンボーディング支援チーム', 'カスタマーサポート', 'Support'),
  (9, '運用サポートチーム', 'カスタマーサポート', 'Support');

-- ========================
-- User seed data
-- Each sales team has 5-7 members with one manager; support teams have 1 lead + 4 engineers
-- ========================
INSERT INTO User (id, department_id, name, email, role, is_active) VALUES
  -- 東日本製造・流通営業1課 (6名)
  (1, 1, '田中 直樹', 'naoki.tanaka@example.com', 'SalesManager', 1),
  (2, 1, '佐藤 美咲', 'misaki.sato@example.com', 'SalesRep', 1),
  (3, 1, '中村 涼', 'ryo.nakamura@example.com', 'SalesRep', 1),
  (4, 1, '山本 彩香', 'ayaka.yamamoto@example.com', 'SalesRep', 1),
  (5, 1, '渡辺 誠', 'makoto.watanabe@example.com', 'SalesRep', 1),
  (6, 1, '加藤 佳奈', 'kana.kato@example.com', 'SalesRep', 1),
  -- 東日本製造・流通営業2課 (5名)
  (7, 2, '小林 拓海', 'takumi.kobayashi@example.com', 'SalesManager', 1),
  (8, 2, '石井 里奈', 'rina.ishii@example.com', 'SalesRep', 1),
  (9, 2, '松本 優', 'yu.matsumoto@example.com', 'SalesRep', 1),
  (10, 2, '山田 陽菜', 'hina.yamada@example.com', 'SalesRep', 1),
  (11, 2, '福田 慎吾', 'shingo.fukuda@example.com', 'SalesRep', 1),
  -- 西日本パートナー営業課 (5名)
  (12, 3, '高橋 俊介', 'shunsuke.takahashi@example.com', 'SalesManager', 1),
  (13, 3, '森田 悠真', 'yuma.morita@example.com', 'SalesRep', 1),
  (14, 3, '伊藤 心結', 'miyu.ito@example.com', 'SalesRep', 1),
  (15, 3, '大野 智也', 'tomoya.ohno@example.com', 'SalesRep', 1),
  (16, 3, '岡田 怜奈', 'rena.okada@example.com', 'SalesRep', 1),
  -- 公共・金融営業第1課 (6名)
  (17, 4, '村上 航', 'wataru.murakami@example.com', 'SalesManager', 1),
  (18, 4, '菊地 里帆', 'riho.kikuchi@example.com', 'SalesRep', 1),
  (19, 4, '林 智樹', 'tomoki.hayashi@example.com', 'SalesRep', 1),
  (20, 4, '阿部 琴葉', 'kotoha.abe@example.com', 'SalesRep', 1),
  (21, 4, '吉田 大輝', 'daiki.yoshida@example.com', 'SalesRep', 1),
  (22, 4, '原田 千夏', 'chinatsu.harada@example.com', 'SalesRep', 1),
  -- 公共・金融営業第2課 (5名)
  (23, 5, '平野 慎太郎', 'shintaro.hirano@example.com', 'SalesManager', 1),
  (24, 5, '長谷川 楓', 'kaede.hasegawa@example.com', 'SalesRep', 1),
  (25, 5, '杉本 圭', 'kei.sugimoto@example.com', 'SalesRep', 1),
  (26, 5, '島田 紗英', 'sae.shimada@example.com', 'SalesRep', 1),
  (27, 5, '内田 翔太', 'shota.uchida@example.com', 'SalesRep', 1),
  -- グローバルアカウント第1課 (6名)
  (28, 6, '藤田 美月', 'mizuki.fujita@example.com', 'SalesManager', 1),
  (29, 6, '山崎 海斗', 'kaito.yamazaki@example.com', 'SalesRep', 1),
  (30, 6, '竹内 優奈', 'yuna.takeuchi@example.com', 'SalesRep', 1),
  (31, 6, '三浦 翔', 'sho.miura@example.com', 'SalesRep', 1),
  (32, 6, '関根 純', 'jun.sekine@example.com', 'SalesRep', 1),
  (33, 6, '本田 美佳', 'mika.honda@example.com', 'SalesRep', 1),
  -- グローバルアカウント第2課 (5名)
  (34, 7, '大西 亮', 'ryo.onishi@example.com', 'SalesManager', 1),
  (35, 7, '堀内 里佳', 'rika.horiuchi@example.com', 'SalesRep', 1),
  (36, 7, '川上 蒼', 'ao.kawakami@example.com', 'SalesRep', 1),
  (37, 7, '岸本 梨花', 'rinka.kishimoto@example.com', 'SalesRep', 1),
  (38, 7, '上田 勇人', 'hayato.ueda@example.com', 'SalesRep', 1),
  -- オンボーディング支援チーム (5名)
  (39, 8, '柴田 裕介', 'yusuke.shibata@example.com', 'SupportLead', 1),
  (40, 8, '宮本 菜摘', 'natsumi.miyamoto@example.com', 'SupportEngineer', 1),
  (41, 8, '石川 大地', 'daichi.ishikawa@example.com', 'SupportEngineer', 1),
  (42, 8, '藤本 香織', 'kaori.fujimoto@example.com', 'SupportEngineer', 1),
  (43, 8, '黒田 智美', 'tomomi.kuroda@example.com', 'SupportEngineer', 1),
  -- 運用サポートチーム (5名)
  (44, 9, '植田 慎平', 'shimpei.ueda@example.com', 'SupportLead', 1),
  (45, 9, '青木 里緒', 'rio.aoki@example.com', 'SupportEngineer', 1),
  (46, 9, '中川 啓太', 'keita.nakagawa@example.com', 'SupportEngineer', 1),
  (47, 9, '永田 愛美', 'manami.nagata@example.com', 'SupportEngineer', 1),
  (48, 9, '松井 達也', 'tatsuya.matsui@example.com', 'SupportEngineer', 1);


-- ========================
-- Account seed data (explicit per sales user, no CASE-based synthesis)
-- ========================
INSERT INTO Account (id, name, industry, billing_country, billing_city, owner_user_id, department_id) VALUES
  (1, '北関東電機 A', '流通', 'Japan', '横浜', 1, 1),
  (2, '東北化工 B', 'テクノロジー', 'Japan', '千葉', 1, 1),
  (3, '常磐パーツ C', '製造', 'Japan', 'さいたま', 1, 1),
  (4, '信州産業 D', '流通', 'Japan', '高崎', 1, 1),
  (5, '宮城機工 E', 'テクノロジー', 'Japan', '前橋', 1, 1),
  (6, '磐城テクノロジー F', '製造', 'Japan', '水戸', 1, 1),
  (7, '羽田製作所 A', '流通', 'Japan', '宇都宮', 1, 1),
  (8, '湾岸物流 B', 'テクノロジー', 'Japan', '仙台', 1, 1),
  (9, '城東サプライ C', '製造', 'Japan', '郡山', 1, 1),
  (10, '武蔵野ソリューション D', '流通', 'Japan', '秋田', 1, 1),
  (11, '成田プロダクツ E', 'テクノロジー', 'Japan', '盛岡', 1, 1),
  (12, '陸前精密 F', '製造', 'Japan', '青森', 1, 1),
  (13, '松島マテリアル A', '流通', 'Japan', '長野', 1, 1),
  (14, '東都ロジスティクス B', 'テクノロジー', 'Japan', '新潟', 1, 1),
  (15, '京浜フードテック C', '製造', 'Japan', '山形', 1, 1),
  (16, '関東電機 D', '流通', 'Japan', '福島', 1, 1),
  (17, '北関東化工 E', 'テクノロジー', 'Japan', '東京', 1, 1),
  (18, '東北パーツ F', '製造', 'Japan', '川崎', 1, 1),
  (19, '常磐産業 A', '流通', 'Japan', '横浜', 1, 1),
  (20, '信州機工 B', 'テクノロジー', 'Japan', '千葉', 1, 1),
  (21, '宮城テクノロジー C', '製造', 'Japan', 'さいたま', 1, 1),
  (22, '磐城製作所 D', '流通', 'Japan', '高崎', 1, 1),
  (23, '羽田物流 E', 'テクノロジー', 'Japan', '前橋', 1, 1),
  (24, '湾岸サプライ F', '製造', 'Japan', '水戸', 1, 1),
  (25, '城東ソリューション A', '流通', 'Japan', '宇都宮', 1, 1),
  (26, '武蔵野プロダクツ B', 'テクノロジー', 'Japan', '仙台', 1, 1),
  (27, '成田精密 C', '製造', 'Japan', '郡山', 1, 1),
  (28, '陸前マテリアル D', '流通', 'Japan', '秋田', 1, 1),
  (29, '松島ロジスティクス E', 'テクノロジー', 'Japan', '盛岡', 1, 1),
  (30, '東都フードテック F', '製造', 'Japan', '青森', 1, 1),
  (31, '信州機工 A', 'テクノロジー', 'Japan', 'さいたま', 2, 1),
  (32, '宮城テクノロジー B', '製造', 'Japan', '高崎', 2, 1),
  (33, '磐城製作所 C', '流通', 'Japan', '前橋', 2, 1),
  (34, '羽田物流 D', 'テクノロジー', 'Japan', '水戸', 2, 1),
  (35, '湾岸サプライ E', '製造', 'Japan', '宇都宮', 2, 1),
  (36, '城東ソリューション F', '流通', 'Japan', '仙台', 2, 1),
  (37, '武蔵野プロダクツ A', 'テクノロジー', 'Japan', '郡山', 2, 1),
  (38, '成田精密 B', '製造', 'Japan', '秋田', 2, 1),
  (39, '陸前マテリアル C', '流通', 'Japan', '盛岡', 2, 1),
  (40, '松島ロジスティクス D', 'テクノロジー', 'Japan', '青森', 2, 1),
  (41, '東都フードテック E', '製造', 'Japan', '長野', 2, 1),
  (42, '京浜電機 F', '流通', 'Japan', '新潟', 2, 1),
  (43, '関東化工 A', 'テクノロジー', 'Japan', '山形', 2, 1),
  (44, '北関東パーツ B', '製造', 'Japan', '福島', 2, 1),
  (45, '東北産業 C', '流通', 'Japan', '東京', 2, 1),
  (46, '常磐機工 D', 'テクノロジー', 'Japan', '川崎', 2, 1),
  (47, '信州テクノロジー E', '製造', 'Japan', '横浜', 2, 1),
  (48, '宮城製作所 F', '流通', 'Japan', '千葉', 2, 1),
  (49, '磐城物流 A', 'テクノロジー', 'Japan', 'さいたま', 2, 1),
  (50, '羽田サプライ B', '製造', 'Japan', '高崎', 2, 1),
  (51, '湾岸ソリューション C', '流通', 'Japan', '前橋', 2, 1),
  (52, '城東プロダクツ D', 'テクノロジー', 'Japan', '水戸', 2, 1),
  (53, '武蔵野精密 E', '製造', 'Japan', '宇都宮', 2, 1),
  (54, '成田マテリアル F', '流通', 'Japan', '仙台', 2, 1),
  (55, '陸前ロジスティクス A', 'テクノロジー', 'Japan', '郡山', 2, 1),
  (56, '松島フードテック B', '製造', 'Japan', '秋田', 2, 1),
  (57, '東都電機 C', '流通', 'Japan', '盛岡', 2, 1),
  (58, '京浜化工 D', 'テクノロジー', 'Japan', '青森', 2, 1),
  (59, '関東パーツ E', '製造', 'Japan', '長野', 2, 1),
  (60, '北関東産業 F', '流通', 'Japan', '新潟', 2, 1),
  (61, '羽田サプライ A', '製造', 'Japan', '前橋', 3, 1),
  (62, '湾岸ソリューション B', '流通', 'Japan', '水戸', 3, 1),
  (63, '城東プロダクツ C', 'テクノロジー', 'Japan', '宇都宮', 3, 1),
  (64, '武蔵野精密 D', '製造', 'Japan', '仙台', 3, 1),
  (65, '成田マテリアル E', '流通', 'Japan', '郡山', 3, 1),
  (66, '陸前ロジスティクス F', 'テクノロジー', 'Japan', '秋田', 3, 1),
  (67, '松島フードテック A', '製造', 'Japan', '盛岡', 3, 1),
  (68, '東都電機 B', '流通', 'Japan', '青森', 3, 1),
  (69, '京浜化工 C', 'テクノロジー', 'Japan', '長野', 3, 1),
  (70, '関東パーツ D', '製造', 'Japan', '新潟', 3, 1),
  (71, '北関東産業 E', '流通', 'Japan', '山形', 3, 1),
  (72, '東北機工 F', 'テクノロジー', 'Japan', '福島', 3, 1),
  (73, '常磐テクノロジー A', '製造', 'Japan', '東京', 3, 1),
  (74, '信州製作所 B', '流通', 'Japan', '川崎', 3, 1),
  (75, '宮城物流 C', 'テクノロジー', 'Japan', '横浜', 3, 1),
  (76, '磐城サプライ D', '製造', 'Japan', '千葉', 3, 1),
  (77, '羽田ソリューション E', '流通', 'Japan', 'さいたま', 3, 1),
  (78, '湾岸プロダクツ F', 'テクノロジー', 'Japan', '高崎', 3, 1),
  (79, '城東精密 A', '製造', 'Japan', '前橋', 3, 1),
  (80, '武蔵野マテリアル B', '流通', 'Japan', '水戸', 3, 1),
  (81, '成田ロジスティクス C', 'テクノロジー', 'Japan', '宇都宮', 3, 1),
  (82, '陸前フードテック D', '製造', 'Japan', '仙台', 3, 1),
  (83, '松島電機 E', '流通', 'Japan', '郡山', 3, 1),
  (84, '東都化工 F', 'テクノロジー', 'Japan', '秋田', 3, 1),
  (85, '京浜パーツ A', '製造', 'Japan', '盛岡', 3, 1),
  (86, '関東産業 B', '流通', 'Japan', '青森', 3, 1),
  (87, '北関東機工 C', 'テクノロジー', 'Japan', '長野', 3, 1),
  (88, '東北テクノロジー D', '製造', 'Japan', '新潟', 3, 1),
  (89, '常磐製作所 E', '流通', 'Japan', '山形', 3, 1),
  (90, '信州物流 F', 'テクノロジー', 'Japan', '福島', 3, 1),
  (91, '武蔵野マテリアル A', '流通', 'Japan', '宇都宮', 4, 1),
  (92, '成田ロジスティクス B', 'テクノロジー', 'Japan', '仙台', 4, 1),
  (93, '陸前フードテック C', '製造', 'Japan', '郡山', 4, 1),
  (94, '松島電機 D', '流通', 'Japan', '秋田', 4, 1),
  (95, '東都化工 E', 'テクノロジー', 'Japan', '盛岡', 4, 1),
  (96, '京浜パーツ F', '製造', 'Japan', '青森', 4, 1),
  (97, '関東産業 A', '流通', 'Japan', '長野', 4, 1),
  (98, '北関東機工 B', 'テクノロジー', 'Japan', '新潟', 4, 1),
  (99, '東北テクノロジー C', '製造', 'Japan', '山形', 4, 1),
  (100, '常磐製作所 D', '流通', 'Japan', '福島', 4, 1),
  (101, '信州物流 E', 'テクノロジー', 'Japan', '東京', 4, 1),
  (102, '宮城サプライ F', '製造', 'Japan', '川崎', 4, 1),
  (103, '磐城ソリューション A', '流通', 'Japan', '横浜', 4, 1),
  (104, '羽田プロダクツ B', 'テクノロジー', 'Japan', '千葉', 4, 1),
  (105, '湾岸精密 C', '製造', 'Japan', 'さいたま', 4, 1),
  (106, '城東マテリアル D', '流通', 'Japan', '高崎', 4, 1),
  (107, '武蔵野ロジスティクス E', 'テクノロジー', 'Japan', '前橋', 4, 1),
  (108, '成田フードテック F', '製造', 'Japan', '水戸', 4, 1),
  (109, '陸前電機 A', '流通', 'Japan', '宇都宮', 4, 1),
  (110, '松島化工 B', 'テクノロジー', 'Japan', '仙台', 4, 1),
  (111, '東都パーツ C', '製造', 'Japan', '郡山', 4, 1),
  (112, '京浜産業 D', '流通', 'Japan', '秋田', 4, 1),
  (113, '関東機工 E', 'テクノロジー', 'Japan', '盛岡', 4, 1),
  (114, '北関東テクノロジー F', '製造', 'Japan', '青森', 4, 1),
  (115, '東北製作所 A', '流通', 'Japan', '長野', 4, 1),
  (116, '常磐物流 B', 'テクノロジー', 'Japan', '新潟', 4, 1),
  (117, '信州サプライ C', '製造', 'Japan', '山形', 4, 1),
  (118, '宮城ソリューション D', '流通', 'Japan', '福島', 4, 1),
  (119, '磐城プロダクツ E', 'テクノロジー', 'Japan', '東京', 4, 1),
  (120, '羽田精密 F', '製造', 'Japan', '川崎', 4, 1),
  (121, '松島化工 A', 'テクノロジー', 'Japan', '郡山', 5, 1),
  (122, '東都パーツ B', '製造', 'Japan', '秋田', 5, 1),
  (123, '京浜産業 C', '流通', 'Japan', '盛岡', 5, 1),
  (124, '関東機工 D', 'テクノロジー', 'Japan', '青森', 5, 1),
  (125, '北関東テクノロジー E', '製造', 'Japan', '長野', 5, 1),
  (126, '東北製作所 F', '流通', 'Japan', '新潟', 5, 1),
  (127, '常磐物流 A', 'テクノロジー', 'Japan', '山形', 5, 1),
  (128, '信州サプライ B', '製造', 'Japan', '福島', 5, 1),
  (129, '宮城ソリューション C', '流通', 'Japan', '東京', 5, 1),
  (130, '磐城プロダクツ D', 'テクノロジー', 'Japan', '川崎', 5, 1),
  (131, '羽田精密 E', '製造', 'Japan', '横浜', 5, 1),
  (132, '湾岸マテリアル F', '流通', 'Japan', '千葉', 5, 1),
  (133, '城東ロジスティクス A', 'テクノロジー', 'Japan', 'さいたま', 5, 1),
  (134, '武蔵野フードテック B', '製造', 'Japan', '高崎', 5, 1),
  (135, '成田電機 C', '流通', 'Japan', '前橋', 5, 1),
  (136, '陸前化工 D', 'テクノロジー', 'Japan', '水戸', 5, 1),
  (137, '松島パーツ E', '製造', 'Japan', '宇都宮', 5, 1),
  (138, '東都産業 F', '流通', 'Japan', '仙台', 5, 1),
  (139, '京浜機工 A', 'テクノロジー', 'Japan', '郡山', 5, 1),
  (140, '関東テクノロジー B', '製造', 'Japan', '秋田', 5, 1),
  (141, '北関東製作所 C', '流通', 'Japan', '盛岡', 5, 1),
  (142, '東北物流 D', 'テクノロジー', 'Japan', '青森', 5, 1),
  (143, '常磐サプライ E', '製造', 'Japan', '長野', 5, 1),
  (144, '信州ソリューション F', '流通', 'Japan', '新潟', 5, 1),
  (145, '宮城プロダクツ A', 'テクノロジー', 'Japan', '山形', 5, 1),
  (146, '磐城精密 B', '製造', 'Japan', '福島', 5, 1),
  (147, '羽田マテリアル C', '流通', 'Japan', '東京', 5, 1),
  (148, '湾岸ロジスティクス D', 'テクノロジー', 'Japan', '川崎', 5, 1),
  (149, '城東フードテック E', '製造', 'Japan', '横浜', 5, 1),
  (150, '武蔵野電機 F', '流通', 'Japan', '千葉', 5, 1),
  (151, '関東テクノロジー A', '製造', 'Japan', '盛岡', 6, 1),
  (152, '北関東製作所 B', '流通', 'Japan', '青森', 6, 1),
  (153, '東北物流 C', 'テクノロジー', 'Japan', '長野', 6, 1),
  (154, '常磐サプライ D', '製造', 'Japan', '新潟', 6, 1),
  (155, '信州ソリューション E', '流通', 'Japan', '山形', 6, 1),
  (156, '宮城プロダクツ F', 'テクノロジー', 'Japan', '福島', 6, 1),
  (157, '磐城精密 A', '製造', 'Japan', '東京', 6, 1),
  (158, '羽田マテリアル B', '流通', 'Japan', '川崎', 6, 1),
  (159, '湾岸ロジスティクス C', 'テクノロジー', 'Japan', '横浜', 6, 1),
  (160, '城東フードテック D', '製造', 'Japan', '千葉', 6, 1),
  (161, '武蔵野電機 E', '流通', 'Japan', 'さいたま', 6, 1),
  (162, '成田化工 F', 'テクノロジー', 'Japan', '高崎', 6, 1),
  (163, '陸前パーツ A', '製造', 'Japan', '前橋', 6, 1),
  (164, '松島産業 B', '流通', 'Japan', '水戸', 6, 1),
  (165, '東都機工 C', 'テクノロジー', 'Japan', '宇都宮', 6, 1),
  (166, '京浜テクノロジー D', '製造', 'Japan', '仙台', 6, 1),
  (167, '関東製作所 E', '流通', 'Japan', '郡山', 6, 1),
  (168, '北関東物流 F', 'テクノロジー', 'Japan', '秋田', 6, 1),
  (169, '東北サプライ A', '製造', 'Japan', '盛岡', 6, 1),
  (170, '常磐ソリューション B', '流通', 'Japan', '青森', 6, 1),
  (171, '信州プロダクツ C', 'テクノロジー', 'Japan', '長野', 6, 1),
  (172, '宮城精密 D', '製造', 'Japan', '新潟', 6, 1),
  (173, '磐城マテリアル E', '流通', 'Japan', '山形', 6, 1),
  (174, '羽田ロジスティクス F', 'テクノロジー', 'Japan', '福島', 6, 1),
  (175, '湾岸フードテック A', '製造', 'Japan', '東京', 6, 1),
  (176, '城東電機 B', '流通', 'Japan', '川崎', 6, 1),
  (177, '武蔵野化工 C', 'テクノロジー', 'Japan', '横浜', 6, 1),
  (178, '成田パーツ D', '製造', 'Japan', '千葉', 6, 1),
  (179, '陸前産業 E', '流通', 'Japan', 'さいたま', 6, 1),
  (180, '松島機工 F', 'テクノロジー', 'Japan', '高崎', 6, 1),
  (181, '江戸川ネットワーク A', 'テクノロジー', 'Japan', '日立', 7, 2),
  (182, '坂東開発 B', '製造', 'Japan', '那須塩原', 7, 2),
  (183, '総武工業 C', '流通', 'Japan', 'つくば', 7, 2),
  (184, '常陸デバイス D', '小売', 'Japan', '東京', 7, 2),
  (185, '上州システム E', 'テクノロジー', 'Japan', '横浜', 7, 2),
  (186, '両毛食品流通 F', '製造', 'Japan', '前橋', 7, 2),
  (187, '鹿島リテール A', '流通', 'Japan', '千葉', 7, 2),
  (188, '習志野精工 B', '小売', 'Japan', '水戸', 7, 2),
  (189, '荒川マリン C', 'テクノロジー', 'Japan', '土浦', 7, 2),
  (190, '利根川搬送 D', '製造', 'Japan', '大宮', 7, 2),
  (191, '東関東オートメーション E', '流通', 'Japan', '八王子', 7, 2),
  (192, '首都圏メカトロ F', '小売', 'Japan', '川口', 7, 2),
  (193, '湾岸ダイレクト A', 'テクノロジー', 'Japan', '柏', 7, 2),
  (194, '常総ホールディングス B', '製造', 'Japan', '船橋', 7, 2),
  (195, '武蔵イノベーション C', '流通', 'Japan', '川越', 7, 2),
  (196, '京成ネットワーク D', '小売', 'Japan', '所沢', 7, 2),
  (197, '江戸川開発 E', 'テクノロジー', 'Japan', '高崎', 7, 2),
  (198, '坂東工業 F', '製造', 'Japan', '日立', 7, 2),
  (199, '総武デバイス A', '流通', 'Japan', '那須塩原', 7, 2),
  (200, '常陸システム B', '小売', 'Japan', 'つくば', 7, 2),
  (201, '上州食品流通 C', 'テクノロジー', 'Japan', '東京', 7, 2),
  (202, '両毛リテール D', '製造', 'Japan', '横浜', 7, 2),
  (203, '鹿島精工 E', '流通', 'Japan', '前橋', 7, 2),
  (204, '習志野マリン F', '小売', 'Japan', '千葉', 7, 2),
  (205, '荒川搬送 A', 'テクノロジー', 'Japan', '水戸', 7, 2),
  (206, '利根川オートメーション B', '製造', 'Japan', '土浦', 7, 2),
  (207, '東関東メカトロ C', '流通', 'Japan', '大宮', 7, 2),
  (208, '首都圏ダイレクト D', '小売', 'Japan', '八王子', 7, 2),
  (209, '湾岸ホールディングス E', 'テクノロジー', 'Japan', '川口', 7, 2),
  (210, '常総イノベーション F', '製造', 'Japan', '柏', 7, 2),
  (211, '常陸システム A', '製造', 'Japan', 'つくば', 8, 2),
  (212, '上州食品流通 B', '流通', 'Japan', '東京', 8, 2),
  (213, '両毛リテール C', '小売', 'Japan', '横浜', 8, 2),
  (214, '鹿島精工 D', 'テクノロジー', 'Japan', '前橋', 8, 2),
  (215, '習志野マリン E', '製造', 'Japan', '千葉', 8, 2),
  (216, '荒川搬送 F', '流通', 'Japan', '水戸', 8, 2),
  (217, '利根川オートメーション A', '小売', 'Japan', '土浦', 8, 2),
  (218, '東関東メカトロ B', 'テクノロジー', 'Japan', '大宮', 8, 2),
  (219, '首都圏ダイレクト C', '製造', 'Japan', '八王子', 8, 2),
  (220, '湾岸ホールディングス D', '流通', 'Japan', '川口', 8, 2),
  (221, '常総イノベーション E', '小売', 'Japan', '柏', 8, 2),
  (222, '武蔵ネットワーク F', 'テクノロジー', 'Japan', '船橋', 8, 2),
  (223, '京成開発 A', '製造', 'Japan', '川越', 8, 2),
  (224, '江戸川工業 B', '流通', 'Japan', '所沢', 8, 2),
  (225, '坂東デバイス C', '小売', 'Japan', '高崎', 8, 2),
  (226, '総武システム D', 'テクノロジー', 'Japan', '日立', 8, 2),
  (227, '常陸食品流通 E', '製造', 'Japan', '那須塩原', 8, 2),
  (228, '上州リテール F', '流通', 'Japan', 'つくば', 8, 2),
  (229, '両毛精工 A', '小売', 'Japan', '東京', 8, 2),
  (230, '鹿島マリン B', 'テクノロジー', 'Japan', '横浜', 8, 2),
  (231, '習志野搬送 C', '製造', 'Japan', '前橋', 8, 2),
  (232, '荒川オートメーション D', '流通', 'Japan', '千葉', 8, 2),
  (233, '利根川メカトロ E', '小売', 'Japan', '水戸', 8, 2),
  (234, '東関東ダイレクト F', 'テクノロジー', 'Japan', '土浦', 8, 2),
  (235, '首都圏ホールディングス A', '製造', 'Japan', '大宮', 8, 2),
  (236, '湾岸イノベーション B', '流通', 'Japan', '八王子', 8, 2),
  (237, '常総ネットワーク C', '小売', 'Japan', '川口', 8, 2),
  (238, '武蔵開発 D', 'テクノロジー', 'Japan', '柏', 8, 2),
  (239, '京成工業 E', '製造', 'Japan', '船橋', 8, 2),
  (240, '江戸川デバイス F', '流通', 'Japan', '川越', 8, 2),
  (241, '鹿島マリン A', '流通', 'Japan', '横浜', 9, 2),
  (242, '習志野搬送 B', '小売', 'Japan', '前橋', 9, 2),
  (243, '荒川オートメーション C', 'テクノロジー', 'Japan', '千葉', 9, 2),
  (244, '利根川メカトロ D', '製造', 'Japan', '水戸', 9, 2),
  (245, '東関東ダイレクト E', '流通', 'Japan', '土浦', 9, 2),
  (246, '首都圏ホールディングス F', '小売', 'Japan', '大宮', 9, 2),
  (247, '湾岸イノベーション A', 'テクノロジー', 'Japan', '八王子', 9, 2),
  (248, '常総ネットワーク B', '製造', 'Japan', '川口', 9, 2),
  (249, '武蔵開発 C', '流通', 'Japan', '柏', 9, 2),
  (250, '京成工業 D', '小売', 'Japan', '船橋', 9, 2),
  (251, '江戸川デバイス E', 'テクノロジー', 'Japan', '川越', 9, 2),
  (252, '坂東システム F', '製造', 'Japan', '所沢', 9, 2),
  (253, '総武食品流通 A', '流通', 'Japan', '高崎', 9, 2),
  (254, '常陸リテール B', '小売', 'Japan', '日立', 9, 2),
  (255, '上州精工 C', 'テクノロジー', 'Japan', '那須塩原', 9, 2),
  (256, '両毛マリン D', '製造', 'Japan', 'つくば', 9, 2),
  (257, '鹿島搬送 E', '流通', 'Japan', '東京', 9, 2),
  (258, '習志野オートメーション F', '小売', 'Japan', '横浜', 9, 2),
  (259, '荒川メカトロ A', 'テクノロジー', 'Japan', '前橋', 9, 2),
  (260, '利根川ダイレクト B', '製造', 'Japan', '千葉', 9, 2),
  (261, '東関東ホールディングス C', '流通', 'Japan', '水戸', 9, 2),
  (262, '首都圏イノベーション D', '小売', 'Japan', '土浦', 9, 2),
  (263, '湾岸ネットワーク E', 'テクノロジー', 'Japan', '大宮', 9, 2),
  (264, '常総開発 F', '製造', 'Japan', '八王子', 9, 2),
  (265, '武蔵工業 A', '流通', 'Japan', '川口', 9, 2),
  (266, '京成デバイス B', '小売', 'Japan', '柏', 9, 2),
  (267, '江戸川システム C', 'テクノロジー', 'Japan', '船橋', 9, 2),
  (268, '坂東食品流通 D', '製造', 'Japan', '川越', 9, 2),
  (269, '総武リテール E', '流通', 'Japan', '所沢', 9, 2),
  (270, '常陸精工 F', '小売', 'Japan', '高崎', 9, 2),
  (271, '利根川ダイレクト A', '小売', 'Japan', '千葉', 10, 2),
  (272, '東関東ホールディングス B', 'テクノロジー', 'Japan', '水戸', 10, 2),
  (273, '首都圏イノベーション C', '製造', 'Japan', '土浦', 10, 2),
  (274, '湾岸ネットワーク D', '流通', 'Japan', '大宮', 10, 2),
  (275, '常総開発 E', '小売', 'Japan', '八王子', 10, 2),
  (276, '武蔵工業 F', 'テクノロジー', 'Japan', '川口', 10, 2),
  (277, '京成デバイス A', '製造', 'Japan', '柏', 10, 2),
  (278, '江戸川システム B', '流通', 'Japan', '船橋', 10, 2),
  (279, '坂東食品流通 C', '小売', 'Japan', '川越', 10, 2),
  (280, '総武リテール D', 'テクノロジー', 'Japan', '所沢', 10, 2),
  (281, '常陸精工 E', '製造', 'Japan', '高崎', 10, 2),
  (282, '上州マリン F', '流通', 'Japan', '日立', 10, 2),
  (283, '両毛搬送 A', '小売', 'Japan', '那須塩原', 10, 2),
  (284, '鹿島オートメーション B', 'テクノロジー', 'Japan', 'つくば', 10, 2),
  (285, '習志野メカトロ C', '製造', 'Japan', '東京', 10, 2),
  (286, '荒川ダイレクト D', '流通', 'Japan', '横浜', 10, 2),
  (287, '利根川ホールディングス E', '小売', 'Japan', '前橋', 10, 2),
  (288, '東関東イノベーション F', 'テクノロジー', 'Japan', '千葉', 10, 2),
  (289, '首都圏ネットワーク A', '製造', 'Japan', '水戸', 10, 2),
  (290, '湾岸開発 B', '流通', 'Japan', '土浦', 10, 2),
  (291, '常総工業 C', '小売', 'Japan', '大宮', 10, 2),
  (292, '武蔵デバイス D', 'テクノロジー', 'Japan', '八王子', 10, 2),
  (293, '京成システム E', '製造', 'Japan', '川口', 10, 2),
  (294, '江戸川食品流通 F', '流通', 'Japan', '柏', 10, 2),
  (295, '坂東リテール A', '小売', 'Japan', '船橋', 10, 2),
  (296, '総武精工 B', 'テクノロジー', 'Japan', '川越', 10, 2),
  (297, '常陸マリン C', '製造', 'Japan', '所沢', 10, 2),
  (298, '上州搬送 D', '流通', 'Japan', '高崎', 10, 2),
  (299, '両毛オートメーション E', '小売', 'Japan', '日立', 10, 2),
  (300, '鹿島メカトロ F', 'テクノロジー', 'Japan', '那須塩原', 10, 2),
  (301, '湾岸開発 A', 'テクノロジー', 'Japan', '土浦', 11, 2),
  (302, '常総工業 B', '製造', 'Japan', '大宮', 11, 2),
  (303, '武蔵デバイス C', '流通', 'Japan', '八王子', 11, 2),
  (304, '京成システム D', '小売', 'Japan', '川口', 11, 2),
  (305, '江戸川食品流通 E', 'テクノロジー', 'Japan', '柏', 11, 2),
  (306, '坂東リテール F', '製造', 'Japan', '船橋', 11, 2),
  (307, '総武精工 A', '流通', 'Japan', '川越', 11, 2),
  (308, '常陸マリン B', '小売', 'Japan', '所沢', 11, 2),
  (309, '上州搬送 C', 'テクノロジー', 'Japan', '高崎', 11, 2),
  (310, '両毛オートメーション D', '製造', 'Japan', '日立', 11, 2),
  (311, '鹿島メカトロ E', '流通', 'Japan', '那須塩原', 11, 2),
  (312, '習志野ダイレクト F', '小売', 'Japan', 'つくば', 11, 2),
  (313, '荒川ホールディングス A', 'テクノロジー', 'Japan', '東京', 11, 2),
  (314, '利根川イノベーション B', '製造', 'Japan', '横浜', 11, 2),
  (315, '東関東ネットワーク C', '流通', 'Japan', '前橋', 11, 2),
  (316, '首都圏開発 D', '小売', 'Japan', '千葉', 11, 2),
  (317, '湾岸工業 E', 'テクノロジー', 'Japan', '水戸', 11, 2),
  (318, '常総デバイス F', '製造', 'Japan', '土浦', 11, 2),
  (319, '武蔵システム A', '流通', 'Japan', '大宮', 11, 2),
  (320, '京成食品流通 B', '小売', 'Japan', '八王子', 11, 2),
  (321, '江戸川リテール C', 'テクノロジー', 'Japan', '川口', 11, 2),
  (322, '坂東精工 D', '製造', 'Japan', '柏', 11, 2),
  (323, '総武マリン E', '流通', 'Japan', '船橋', 11, 2),
  (324, '常陸搬送 F', '小売', 'Japan', '川越', 11, 2),
  (325, '上州オートメーション A', 'テクノロジー', 'Japan', '所沢', 11, 2),
  (326, '両毛メカトロ B', '製造', 'Japan', '高崎', 11, 2),
  (327, '鹿島ダイレクト C', '流通', 'Japan', '日立', 11, 2),
  (328, '習志野ホールディングス D', '小売', 'Japan', '那須塩原', 11, 2),
  (329, '荒川イノベーション E', 'テクノロジー', 'Japan', 'つくば', 11, 2),
  (330, '利根川ネットワーク F', '製造', 'Japan', '東京', 11, 2),
  (331, '讃岐ケミカル A', '製造', 'Japan', '岡山', 12, 3),
  (332, '淡路フーズ B', '流通', 'Japan', '倉敷', 12, 3),
  (333, '京阪マリン工業 C', 'テクノロジー', 'Japan', '高松', 12, 3),
  (334, '阪神テクノロジーズ D', '製造', 'Japan', '松山', 12, 3),
  (335, '摂津エンジニアリング E', '流通', 'Japan', '高知', 12, 3),
  (336, '播磨サプライ F', 'テクノロジー', 'Japan', '広島', 12, 3),
  (337, '山陽リテール A', '製造', 'Japan', '福山', 12, 3),
  (338, '瀬戸内プロダクション B', '流通', 'Japan', '福岡', 12, 3),
  (339, '四国工機 C', 'テクノロジー', 'Japan', '北九州', 12, 3),
  (340, '伊予自動車部品 D', '製造', 'Japan', '熊本', 12, 3),
  (341, '備前エネルギー E', '流通', 'Japan', '鹿児島', 12, 3),
  (342, '備後環境システム F', 'テクノロジー', 'Japan', '長崎', 12, 3),
  (343, '筑紫マシナリー A', '製造', 'Japan', '大阪', 12, 3),
  (344, '肥後ロボティクス B', '流通', 'Japan', '神戸', 12, 3),
  (345, '薩摩物流サービス C', 'テクノロジー', 'Japan', '京都', 12, 3),
  (346, '長門ケミカル D', '製造', 'Japan', '奈良', 12, 3),
  (347, '周防フーズ E', '流通', 'Japan', '和歌山', 12, 3),
  (348, '豊後マリン工業 F', 'テクノロジー', 'Japan', '姫路', 12, 3),
  (349, '土佐テクノロジーズ A', '製造', 'Japan', '岡山', 12, 3),
  (350, '讃岐エンジニアリング B', '流通', 'Japan', '倉敷', 12, 3),
  (351, '淡路サプライ C', 'テクノロジー', 'Japan', '高松', 12, 3),
  (352, '京阪リテール D', '製造', 'Japan', '松山', 12, 3),
  (353, '阪神プロダクション E', '流通', 'Japan', '高知', 12, 3),
  (354, '摂津工機 F', 'テクノロジー', 'Japan', '広島', 12, 3),
  (355, '播磨自動車部品 A', '製造', 'Japan', '福山', 12, 3),
  (356, '山陽エネルギー B', '流通', 'Japan', '福岡', 12, 3),
  (357, '瀬戸内環境システム C', 'テクノロジー', 'Japan', '北九州', 12, 3),
  (358, '四国マシナリー D', '製造', 'Japan', '熊本', 12, 3),
  (359, '伊予ロボティクス E', '流通', 'Japan', '鹿児島', 12, 3),
  (360, '備前物流サービス F', 'テクノロジー', 'Japan', '長崎', 12, 3),
  (361, '阪神エンジニアリング A', '流通', 'Japan', '高松', 13, 3),
  (362, '摂津サプライ B', 'テクノロジー', 'Japan', '松山', 13, 3),
  (363, '播磨リテール C', '製造', 'Japan', '高知', 13, 3),
  (364, '山陽プロダクション D', '流通', 'Japan', '広島', 13, 3),
  (365, '瀬戸内工機 E', 'テクノロジー', 'Japan', '福山', 13, 3),
  (366, '四国自動車部品 F', '製造', 'Japan', '福岡', 13, 3),
  (367, '伊予エネルギー A', '流通', 'Japan', '北九州', 13, 3),
  (368, '備前環境システム B', 'テクノロジー', 'Japan', '熊本', 13, 3),
  (369, '備後マシナリー C', '製造', 'Japan', '鹿児島', 13, 3),
  (370, '筑紫ロボティクス D', '流通', 'Japan', '長崎', 13, 3),
  (371, '肥後物流サービス E', 'テクノロジー', 'Japan', '大阪', 13, 3),
  (372, '薩摩ケミカル F', '製造', 'Japan', '神戸', 13, 3),
  (373, '長門フーズ A', '流通', 'Japan', '京都', 13, 3),
  (374, '周防マリン工業 B', 'テクノロジー', 'Japan', '奈良', 13, 3),
  (375, '豊後テクノロジーズ C', '製造', 'Japan', '和歌山', 13, 3),
  (376, '土佐エンジニアリング D', '流通', 'Japan', '姫路', 13, 3),
  (377, '讃岐サプライ E', 'テクノロジー', 'Japan', '岡山', 13, 3),
  (378, '淡路リテール F', '製造', 'Japan', '倉敷', 13, 3),
  (379, '京阪プロダクション A', '流通', 'Japan', '高松', 13, 3),
  (380, '阪神工機 B', 'テクノロジー', 'Japan', '松山', 13, 3),
  (381, '摂津自動車部品 C', '製造', 'Japan', '高知', 13, 3),
  (382, '播磨エネルギー D', '流通', 'Japan', '広島', 13, 3),
  (383, '山陽環境システム E', 'テクノロジー', 'Japan', '福山', 13, 3),
  (384, '瀬戸内マシナリー F', '製造', 'Japan', '福岡', 13, 3),
  (385, '四国ロボティクス A', '流通', 'Japan', '北九州', 13, 3),
  (386, '伊予物流サービス B', 'テクノロジー', 'Japan', '熊本', 13, 3),
  (387, '備前ケミカル C', '製造', 'Japan', '鹿児島', 13, 3),
  (388, '備後フーズ D', '流通', 'Japan', '長崎', 13, 3),
  (389, '筑紫マリン工業 E', 'テクノロジー', 'Japan', '大阪', 13, 3),
  (390, '肥後テクノロジーズ F', '製造', 'Japan', '神戸', 13, 3),
  (391, '山陽工機 A', 'テクノロジー', 'Japan', '高知', 14, 3),
  (392, '瀬戸内自動車部品 B', '製造', 'Japan', '広島', 14, 3),
  (393, '四国エネルギー C', '流通', 'Japan', '福山', 14, 3),
  (394, '伊予環境システム D', 'テクノロジー', 'Japan', '福岡', 14, 3),
  (395, '備前マシナリー E', '製造', 'Japan', '北九州', 14, 3),
  (396, '備後ロボティクス F', '流通', 'Japan', '熊本', 14, 3),
  (397, '筑紫物流サービス A', 'テクノロジー', 'Japan', '鹿児島', 14, 3),
  (398, '肥後ケミカル B', '製造', 'Japan', '長崎', 14, 3),
  (399, '薩摩フーズ C', '流通', 'Japan', '大阪', 14, 3),
  (400, '長門マリン工業 D', 'テクノロジー', 'Japan', '神戸', 14, 3),
  (401, '周防テクノロジーズ E', '製造', 'Japan', '京都', 14, 3),
  (402, '豊後エンジニアリング F', '流通', 'Japan', '奈良', 14, 3),
  (403, '土佐サプライ A', 'テクノロジー', 'Japan', '和歌山', 14, 3),
  (404, '讃岐リテール B', '製造', 'Japan', '姫路', 14, 3),
  (405, '淡路プロダクション C', '流通', 'Japan', '岡山', 14, 3),
  (406, '京阪工機 D', 'テクノロジー', 'Japan', '倉敷', 14, 3),
  (407, '阪神自動車部品 E', '製造', 'Japan', '高松', 14, 3),
  (408, '摂津エネルギー F', '流通', 'Japan', '松山', 14, 3),
  (409, '播磨環境システム A', 'テクノロジー', 'Japan', '高知', 14, 3),
  (410, '山陽マシナリー B', '製造', 'Japan', '広島', 14, 3),
  (411, '瀬戸内ロボティクス C', '流通', 'Japan', '福山', 14, 3),
  (412, '四国物流サービス D', 'テクノロジー', 'Japan', '福岡', 14, 3),
  (413, '伊予ケミカル E', '製造', 'Japan', '北九州', 14, 3),
  (414, '備前フーズ F', '流通', 'Japan', '熊本', 14, 3),
  (415, '備後マリン工業 A', 'テクノロジー', 'Japan', '鹿児島', 14, 3),
  (416, '筑紫テクノロジーズ B', '製造', 'Japan', '長崎', 14, 3),
  (417, '肥後エンジニアリング C', '流通', 'Japan', '大阪', 14, 3),
  (418, '薩摩サプライ D', 'テクノロジー', 'Japan', '神戸', 14, 3),
  (419, '長門リテール E', '製造', 'Japan', '京都', 14, 3),
  (420, '周防プロダクション F', '流通', 'Japan', '奈良', 14, 3),
  (421, '伊予マシナリー A', '製造', 'Japan', '福山', 15, 3),
  (422, '備前ロボティクス B', '流通', 'Japan', '福岡', 15, 3),
  (423, '備後物流サービス C', 'テクノロジー', 'Japan', '北九州', 15, 3),
  (424, '筑紫ケミカル D', '製造', 'Japan', '熊本', 15, 3),
  (425, '肥後フーズ E', '流通', 'Japan', '鹿児島', 15, 3),
  (426, '薩摩マリン工業 F', 'テクノロジー', 'Japan', '長崎', 15, 3),
  (427, '長門テクノロジーズ A', '製造', 'Japan', '大阪', 15, 3),
  (428, '周防エンジニアリング B', '流通', 'Japan', '神戸', 15, 3),
  (429, '豊後サプライ C', 'テクノロジー', 'Japan', '京都', 15, 3),
  (430, '土佐リテール D', '製造', 'Japan', '奈良', 15, 3),
  (431, '讃岐プロダクション E', '流通', 'Japan', '和歌山', 15, 3),
  (432, '淡路工機 F', 'テクノロジー', 'Japan', '姫路', 15, 3),
  (433, '京阪自動車部品 A', '製造', 'Japan', '岡山', 15, 3),
  (434, '阪神エネルギー B', '流通', 'Japan', '倉敷', 15, 3),
  (435, '摂津環境システム C', 'テクノロジー', 'Japan', '高松', 15, 3),
  (436, '播磨マシナリー D', '製造', 'Japan', '松山', 15, 3),
  (437, '山陽ロボティクス E', '流通', 'Japan', '高知', 15, 3),
  (438, '瀬戸内物流サービス F', 'テクノロジー', 'Japan', '広島', 15, 3),
  (439, '四国ケミカル A', '製造', 'Japan', '福山', 15, 3),
  (440, '伊予フーズ B', '流通', 'Japan', '福岡', 15, 3),
  (441, '備前マリン工業 C', 'テクノロジー', 'Japan', '北九州', 15, 3),
  (442, '備後テクノロジーズ D', '製造', 'Japan', '熊本', 15, 3),
  (443, '筑紫エンジニアリング E', '流通', 'Japan', '鹿児島', 15, 3),
  (444, '肥後サプライ F', 'テクノロジー', 'Japan', '長崎', 15, 3),
  (445, '薩摩リテール A', '製造', 'Japan', '大阪', 15, 3),
  (446, '長門プロダクション B', '流通', 'Japan', '神戸', 15, 3),
  (447, '周防工機 C', 'テクノロジー', 'Japan', '京都', 15, 3),
  (448, '豊後自動車部品 D', '製造', 'Japan', '奈良', 15, 3),
  (449, '土佐エネルギー E', '流通', 'Japan', '和歌山', 15, 3),
  (450, '讃岐環境システム F', 'テクノロジー', 'Japan', '姫路', 15, 3),
  (451, '筑紫フーズ A', '流通', 'Japan', '北九州', 16, 3),
  (452, '肥後マリン工業 B', 'テクノロジー', 'Japan', '熊本', 16, 3),
  (453, '薩摩テクノロジーズ C', '製造', 'Japan', '鹿児島', 16, 3),
  (454, '長門エンジニアリング D', '流通', 'Japan', '長崎', 16, 3),
  (455, '周防サプライ E', 'テクノロジー', 'Japan', '大阪', 16, 3),
  (456, '豊後リテール F', '製造', 'Japan', '神戸', 16, 3),
  (457, '土佐プロダクション A', '流通', 'Japan', '京都', 16, 3),
  (458, '讃岐工機 B', 'テクノロジー', 'Japan', '奈良', 16, 3),
  (459, '淡路自動車部品 C', '製造', 'Japan', '和歌山', 16, 3),
  (460, '京阪エネルギー D', '流通', 'Japan', '姫路', 16, 3),
  (461, '阪神環境システム E', 'テクノロジー', 'Japan', '岡山', 16, 3),
  (462, '摂津マシナリー F', '製造', 'Japan', '倉敷', 16, 3),
  (463, '播磨ロボティクス A', '流通', 'Japan', '高松', 16, 3),
  (464, '山陽物流サービス B', 'テクノロジー', 'Japan', '松山', 16, 3),
  (465, '瀬戸内ケミカル C', '製造', 'Japan', '高知', 16, 3),
  (466, '四国フーズ D', '流通', 'Japan', '広島', 16, 3),
  (467, '伊予マリン工業 E', 'テクノロジー', 'Japan', '福山', 16, 3),
  (468, '備前テクノロジーズ F', '製造', 'Japan', '福岡', 16, 3),
  (469, '備後エンジニアリング A', '流通', 'Japan', '北九州', 16, 3),
  (470, '筑紫サプライ B', 'テクノロジー', 'Japan', '熊本', 16, 3),
  (471, '肥後リテール C', '製造', 'Japan', '鹿児島', 16, 3),
  (472, '薩摩プロダクション D', '流通', 'Japan', '長崎', 16, 3),
  (473, '長門工機 E', 'テクノロジー', 'Japan', '大阪', 16, 3),
  (474, '周防自動車部品 F', '製造', 'Japan', '神戸', 16, 3),
  (475, '豊後エネルギー A', '流通', 'Japan', '京都', 16, 3),
  (476, '土佐環境システム B', 'テクノロジー', 'Japan', '奈良', 16, 3),
  (477, '讃岐マシナリー C', '製造', 'Japan', '和歌山', 16, 3),
  (478, '淡路ロボティクス D', '流通', 'Japan', '姫路', 16, 3),
  (479, '京阪物流サービス E', 'テクノロジー', 'Japan', '岡山', 16, 3),
  (480, '阪神ケミカル F', '製造', 'Japan', '倉敷', 16, 3),
  (481, '日本橋データセンター A', '金融', 'Japan', '神戸', 17, 4),
  (482, '霞が関社会基盤開発 B', '医療', 'Japan', '金沢', 17, 4),
  (483, '丸の内教育ICT C', 'テクノロジー', 'Japan', '新潟', 17, 4),
  (484, '京阪公共ソリューション D', '公共', 'Japan', '静岡', 17, 4),
  (485, '東都社会保険連盟 E', '金融', 'Japan', 'さいたま', 17, 4),
  (486, '武蔵官公庁調達センター F', '医療', 'Japan', '東京', 17, 4),
  (487, '城南行政DX A', 'テクノロジー', 'Japan', '横浜', 17, 4),
  (488, '首都圏広域医療情報機構 B', '公共', 'Japan', '大阪', 17, 4),
  (489, '東海公共システム C', '金融', 'Japan', '名古屋', 17, 4),
  (490, '東央金融機構 D', '医療', 'Japan', '札幌', 17, 4),
  (491, '首都圏地域銀行 E', 'テクノロジー', 'Japan', '仙台', 17, 4),
  (492, '北都都市銀行 F', '公共', 'Japan', '福岡', 17, 4),
  (493, '関西共済連合 A', '金融', 'Japan', '広島', 17, 4),
  (494, '中部市民ネット B', '医療', 'Japan', '神戸', 17, 4),
  (495, 'みなと統合基盤 C', 'テクノロジー', 'Japan', '金沢', 17, 4),
  (496, '日本橋データセンター D', '公共', 'Japan', '新潟', 17, 4),
  (497, '霞が関社会基盤開発 E', '金融', 'Japan', '静岡', 17, 4),
  (498, '丸の内教育ICT F', '医療', 'Japan', 'さいたま', 17, 4),
  (499, '京阪公共ソリューション A', 'テクノロジー', 'Japan', '東京', 17, 4),
  (500, '東都社会保険連盟 B', '公共', 'Japan', '横浜', 17, 4),
  (501, '武蔵官公庁調達センター C', '金融', 'Japan', '大阪', 17, 4),
  (502, '城南行政DX D', '医療', 'Japan', '名古屋', 17, 4),
  (503, '首都圏広域医療情報機構 E', 'テクノロジー', 'Japan', '札幌', 17, 4),
  (504, '東海公共システム F', '公共', 'Japan', '仙台', 17, 4),
  (505, '東央金融機構 A', '金融', 'Japan', '福岡', 17, 4),
  (506, '首都圏地域銀行 B', '医療', 'Japan', '広島', 17, 4),
  (507, '北都都市銀行 C', 'テクノロジー', 'Japan', '神戸', 17, 4),
  (508, '関西共済連合 D', '公共', 'Japan', '金沢', 17, 4),
  (509, '中部市民ネット E', '金融', 'Japan', '新潟', 17, 4),
  (510, 'みなと統合基盤 F', '医療', 'Japan', '静岡', 17, 4),
  (511, '京阪社会保険連盟 A', '医療', 'Japan', '新潟', 18, 4),
  (512, '東都官公庁調達センター B', 'テクノロジー', 'Japan', '静岡', 18, 4),
  (513, '武蔵行政DX C', '公共', 'Japan', 'さいたま', 18, 4),
  (514, '城南医療情報機構 D', '金融', 'Japan', '東京', 18, 4),
  (515, '首都圏広域公共システム E', '医療', 'Japan', '横浜', 18, 4),
  (516, '東海金融機構 F', 'テクノロジー', 'Japan', '大阪', 18, 4),
  (517, '東央地域銀行 A', '公共', 'Japan', '名古屋', 18, 4),
  (518, '首都圏都市銀行 B', '金融', 'Japan', '札幌', 18, 4),
  (519, '北都共済連合 C', '医療', 'Japan', '仙台', 18, 4),
  (520, '関西市民ネット D', 'テクノロジー', 'Japan', '福岡', 18, 4),
  (521, '中部統合基盤 E', '公共', 'Japan', '広島', 18, 4),
  (522, 'みなとデータセンター F', '金融', 'Japan', '神戸', 18, 4),
  (523, '日本橋社会基盤開発 A', '医療', 'Japan', '金沢', 18, 4),
  (524, '霞が関教育ICT B', 'テクノロジー', 'Japan', '新潟', 18, 4),
  (525, '丸の内公共ソリューション C', '公共', 'Japan', '静岡', 18, 4),
  (526, '京阪社会保険連盟 D', '金融', 'Japan', 'さいたま', 18, 4),
  (527, '東都官公庁調達センター E', '医療', 'Japan', '東京', 18, 4),
  (528, '武蔵行政DX F', 'テクノロジー', 'Japan', '横浜', 18, 4),
  (529, '城南医療情報機構 A', '公共', 'Japan', '大阪', 18, 4),
  (530, '首都圏広域公共システム B', '金融', 'Japan', '名古屋', 18, 4),
  (531, '東海金融機構 C', '医療', 'Japan', '札幌', 18, 4),
  (532, '東央地域銀行 D', 'テクノロジー', 'Japan', '仙台', 18, 4),
  (533, '首都圏都市銀行 E', '公共', 'Japan', '福岡', 18, 4),
  (534, '北都共済連合 F', '金融', 'Japan', '広島', 18, 4),
  (535, '関西市民ネット A', '医療', 'Japan', '神戸', 18, 4),
  (536, '中部統合基盤 B', 'テクノロジー', 'Japan', '金沢', 18, 4),
  (537, 'みなとデータセンター C', '公共', 'Japan', '新潟', 18, 4),
  (538, '日本橋社会基盤開発 D', '金融', 'Japan', '静岡', 18, 4),
  (539, '霞が関教育ICT E', '医療', 'Japan', 'さいたま', 18, 4),
  (540, '丸の内公共ソリューション F', 'テクノロジー', 'Japan', '東京', 18, 4),
  (541, '城南公共システム A', 'テクノロジー', 'Japan', 'さいたま', 19, 4),
  (542, '首都圏広域金融機構 B', '公共', 'Japan', '東京', 19, 4),
  (543, '東海地域銀行 C', '金融', 'Japan', '横浜', 19, 4),
  (544, '東央都市銀行 D', '医療', 'Japan', '大阪', 19, 4),
  (545, '首都圏共済連合 E', 'テクノロジー', 'Japan', '名古屋', 19, 4),
  (546, '北都市民ネット F', '公共', 'Japan', '札幌', 19, 4),
  (547, '関西統合基盤 A', '金融', 'Japan', '仙台', 19, 4),
  (548, '中部データセンター B', '医療', 'Japan', '福岡', 19, 4),
  (549, 'みなと社会基盤開発 C', 'テクノロジー', 'Japan', '広島', 19, 4),
  (550, '日本橋教育ICT D', '公共', 'Japan', '神戸', 19, 4),
  (551, '霞が関公共ソリューション E', '金融', 'Japan', '金沢', 19, 4),
  (552, '丸の内社会保険連盟 F', '医療', 'Japan', '新潟', 19, 4),
  (553, '京阪官公庁調達センター A', 'テクノロジー', 'Japan', '静岡', 19, 4),
  (554, '東都行政DX B', '公共', 'Japan', 'さいたま', 19, 4),
  (555, '武蔵医療情報機構 C', '金融', 'Japan', '東京', 19, 4),
  (556, '城南公共システム D', '医療', 'Japan', '横浜', 19, 4),
  (557, '首都圏広域金融機構 E', 'テクノロジー', 'Japan', '大阪', 19, 4),
  (558, '東海地域銀行 F', '公共', 'Japan', '名古屋', 19, 4),
  (559, '東央都市銀行 A', '金融', 'Japan', '札幌', 19, 4),
  (560, '首都圏共済連合 B', '医療', 'Japan', '仙台', 19, 4),
  (561, '北都市民ネット C', 'テクノロジー', 'Japan', '福岡', 19, 4),
  (562, '関西統合基盤 D', '公共', 'Japan', '広島', 19, 4),
  (563, '中部データセンター E', '金融', 'Japan', '神戸', 19, 4),
  (564, 'みなと社会基盤開発 F', '医療', 'Japan', '金沢', 19, 4),
  (565, '日本橋教育ICT A', 'テクノロジー', 'Japan', '新潟', 19, 4),
  (566, '霞が関公共ソリューション B', '公共', 'Japan', '静岡', 19, 4),
  (567, '丸の内社会保険連盟 C', '金融', 'Japan', 'さいたま', 19, 4),
  (568, '京阪官公庁調達センター D', '医療', 'Japan', '東京', 19, 4),
  (569, '東都行政DX E', 'テクノロジー', 'Japan', '横浜', 19, 4),
  (570, '武蔵医療情報機構 F', '公共', 'Japan', '大阪', 19, 4),
  (571, '東央共済連合 A', '公共', 'Japan', '横浜', 20, 4),
  (572, '首都圏市民ネット B', '金融', 'Japan', '大阪', 20, 4),
  (573, '北都統合基盤 C', '医療', 'Japan', '名古屋', 20, 4),
  (574, '関西データセンター D', 'テクノロジー', 'Japan', '札幌', 20, 4),
  (575, '中部社会基盤開発 E', '公共', 'Japan', '仙台', 20, 4),
  (576, 'みなと教育ICT F', '金融', 'Japan', '福岡', 20, 4),
  (577, '日本橋公共ソリューション A', '医療', 'Japan', '広島', 20, 4),
  (578, '霞が関社会保険連盟 B', 'テクノロジー', 'Japan', '神戸', 20, 4),
  (579, '丸の内官公庁調達センター C', '公共', 'Japan', '金沢', 20, 4),
  (580, '京阪行政DX D', '金融', 'Japan', '新潟', 20, 4),
  (581, '東都医療情報機構 E', '医療', 'Japan', '静岡', 20, 4),
  (582, '武蔵公共システム F', 'テクノロジー', 'Japan', 'さいたま', 20, 4),
  (583, '城南金融機構 A', '公共', 'Japan', '東京', 20, 4),
  (584, '首都圏広域地域銀行 B', '金融', 'Japan', '横浜', 20, 4),
  (585, '東海都市銀行 C', '医療', 'Japan', '大阪', 20, 4),
  (586, '東央共済連合 D', 'テクノロジー', 'Japan', '名古屋', 20, 4),
  (587, '首都圏市民ネット E', '公共', 'Japan', '札幌', 20, 4),
  (588, '北都統合基盤 F', '金融', 'Japan', '仙台', 20, 4),
  (589, '関西データセンター A', '医療', 'Japan', '福岡', 20, 4),
  (590, '中部社会基盤開発 B', 'テクノロジー', 'Japan', '広島', 20, 4),
  (591, 'みなと教育ICT C', '公共', 'Japan', '神戸', 20, 4),
  (592, '日本橋公共ソリューション D', '金融', 'Japan', '金沢', 20, 4),
  (593, '霞が関社会保険連盟 E', '医療', 'Japan', '新潟', 20, 4),
  (594, '丸の内官公庁調達センター F', 'テクノロジー', 'Japan', '静岡', 20, 4),
  (595, '京阪行政DX A', '公共', 'Japan', 'さいたま', 20, 4),
  (596, '東都医療情報機構 B', '金融', 'Japan', '東京', 20, 4),
  (597, '武蔵公共システム C', '医療', 'Japan', '横浜', 20, 4),
  (598, '城南金融機構 D', 'テクノロジー', 'Japan', '大阪', 20, 4),
  (599, '首都圏広域地域銀行 E', '公共', 'Japan', '名古屋', 20, 4),
  (600, '東海都市銀行 F', '金融', 'Japan', '札幌', 20, 4),
  (601, '関西社会基盤開発 A', '金融', 'Japan', '名古屋', 21, 4),
  (602, '中部教育ICT B', '医療', 'Japan', '札幌', 21, 4),
  (603, 'みなと公共ソリューション C', 'テクノロジー', 'Japan', '仙台', 21, 4),
  (604, '日本橋社会保険連盟 D', '公共', 'Japan', '福岡', 21, 4),
  (605, '霞が関官公庁調達センター E', '金融', 'Japan', '広島', 21, 4),
  (606, '丸の内行政DX F', '医療', 'Japan', '神戸', 21, 4),
  (607, '京阪医療情報機構 A', 'テクノロジー', 'Japan', '金沢', 21, 4),
  (608, '東都公共システム B', '公共', 'Japan', '新潟', 21, 4),
  (609, '武蔵金融機構 C', '金融', 'Japan', '静岡', 21, 4),
  (610, '城南地域銀行 D', '医療', 'Japan', 'さいたま', 21, 4),
  (611, '首都圏広域都市銀行 E', 'テクノロジー', 'Japan', '東京', 21, 4),
  (612, '東海共済連合 F', '公共', 'Japan', '横浜', 21, 4),
  (613, '東央市民ネット A', '金融', 'Japan', '大阪', 21, 4),
  (614, '首都圏統合基盤 B', '医療', 'Japan', '名古屋', 21, 4),
  (615, '北都データセンター C', 'テクノロジー', 'Japan', '札幌', 21, 4),
  (616, '関西社会基盤開発 D', '公共', 'Japan', '仙台', 21, 4),
  (617, '中部教育ICT E', '金融', 'Japan', '福岡', 21, 4),
  (618, 'みなと公共ソリューション F', '医療', 'Japan', '広島', 21, 4),
  (619, '日本橋社会保険連盟 A', 'テクノロジー', 'Japan', '神戸', 21, 4),
  (620, '霞が関官公庁調達センター B', '公共', 'Japan', '金沢', 21, 4),
  (621, '丸の内行政DX C', '金融', 'Japan', '新潟', 21, 4),
  (622, '京阪医療情報機構 D', '医療', 'Japan', '静岡', 21, 4),
  (623, '東都公共システム E', 'テクノロジー', 'Japan', 'さいたま', 21, 4),
  (624, '武蔵金融機構 F', '公共', 'Japan', '東京', 21, 4),
  (625, '城南地域銀行 A', '金融', 'Japan', '横浜', 21, 4),
  (626, '首都圏広域都市銀行 B', '医療', 'Japan', '大阪', 21, 4),
  (627, '東海共済連合 C', 'テクノロジー', 'Japan', '名古屋', 21, 4),
  (628, '東央市民ネット D', '公共', 'Japan', '札幌', 21, 4),
  (629, '首都圏統合基盤 E', '金融', 'Japan', '仙台', 21, 4),
  (630, '北都データセンター F', '医療', 'Japan', '福岡', 21, 4),
  (631, '日本橋官公庁調達センター A', '医療', 'Japan', '仙台', 22, 4),
  (632, '霞が関行政DX B', 'テクノロジー', 'Japan', '福岡', 22, 4),
  (633, '丸の内医療情報機構 C', '公共', 'Japan', '広島', 22, 4),
  (634, '京阪公共システム D', '金融', 'Japan', '神戸', 22, 4),
  (635, '東都金融機構 E', '医療', 'Japan', '金沢', 22, 4),
  (636, '武蔵地域銀行 F', 'テクノロジー', 'Japan', '新潟', 22, 4),
  (637, '城南都市銀行 A', '公共', 'Japan', '静岡', 22, 4),
  (638, '首都圏広域共済連合 B', '金融', 'Japan', 'さいたま', 22, 4),
  (639, '東海市民ネット C', '医療', 'Japan', '東京', 22, 4),
  (640, '東央統合基盤 D', 'テクノロジー', 'Japan', '横浜', 22, 4),
  (641, '首都圏データセンター E', '公共', 'Japan', '大阪', 22, 4),
  (642, '北都社会基盤開発 F', '金融', 'Japan', '名古屋', 22, 4),
  (643, '関西教育ICT A', '医療', 'Japan', '札幌', 22, 4),
  (644, '中部公共ソリューション B', 'テクノロジー', 'Japan', '仙台', 22, 4),
  (645, 'みなと社会保険連盟 C', '公共', 'Japan', '福岡', 22, 4),
  (646, '日本橋官公庁調達センター D', '金融', 'Japan', '広島', 22, 4),
  (647, '霞が関行政DX E', '医療', 'Japan', '神戸', 22, 4),
  (648, '丸の内医療情報機構 F', 'テクノロジー', 'Japan', '金沢', 22, 4),
  (649, '京阪公共システム A', '公共', 'Japan', '新潟', 22, 4),
  (650, '東都金融機構 B', '金融', 'Japan', '静岡', 22, 4),
  (651, '武蔵地域銀行 C', '医療', 'Japan', 'さいたま', 22, 4),
  (652, '城南都市銀行 D', 'テクノロジー', 'Japan', '東京', 22, 4),
  (653, '首都圏広域共済連合 E', '公共', 'Japan', '横浜', 22, 4),
  (654, '東海市民ネット F', '金融', 'Japan', '大阪', 22, 4),
  (655, '東央統合基盤 A', '医療', 'Japan', '名古屋', 22, 4),
  (656, '首都圏データセンター B', 'テクノロジー', 'Japan', '札幌', 22, 4),
  (657, '北都社会基盤開発 C', '公共', 'Japan', '仙台', 22, 4),
  (658, '関西教育ICT D', '金融', 'Japan', '福岡', 22, 4),
  (659, '中部公共ソリューション E', '医療', 'Japan', '広島', 22, 4),
  (660, 'みなと社会保険連盟 F', 'テクノロジー', 'Japan', '神戸', 22, 4),
  (661, '北陸地方銀行 A', '医療', 'Japan', '熊本', 23, 5),
  (662, '九州都市信託 B', '公共', 'Japan', '広島', 23, 5),
  (663, '四国地域交通公社 C', '金融', 'Japan', '松山', 23, 5),
  (664, '中部電力パートナーズ D', 'インフラ', 'Japan', '鹿児島', 23, 5),
  (665, '関西上下水道サービス E', '医療', 'Japan', '金沢', 23, 5),
  (666, '港湾防災テクノロジーズ F', '公共', 'Japan', '静岡', 23, 5),
  (667, '城西社会福祉連盟 A', '金融', 'Japan', '東京', 23, 5),
  (668, '中央医療共同体 B', 'インフラ', 'Japan', '名古屋', 23, 5),
  (669, '国際金融センター C', '医療', 'Japan', '大阪', 23, 5),
  (670, '環境公共設備管理 D', '公共', 'Japan', '福岡', 23, 5),
  (671, '資源スマートシティ推進 E', '金融', 'Japan', '札幌', 23, 5),
  (672, '都心行政クラウド F', 'インフラ', 'Japan', '仙台', 23, 5),
  (673, '西都エネルギー連合 A', '医療', 'Japan', '高松', 23, 5),
  (674, '京浜年金機構 B', '公共', 'Japan', '熊本', 23, 5),
  (675, '東海広域医療ネット C', '金融', 'Japan', '広島', 23, 5),
  (676, '瀬戸内地方銀行 D', 'インフラ', 'Japan', '松山', 23, 5),
  (677, '北陸都市信託 E', '医療', 'Japan', '鹿児島', 23, 5),
  (678, '九州地域交通公社 F', '公共', 'Japan', '金沢', 23, 5),
  (679, '四国電力パートナーズ A', '金融', 'Japan', '静岡', 23, 5),
  (680, '中部上下水道サービス B', 'インフラ', 'Japan', '東京', 23, 5),
  (681, '関西防災テクノロジーズ C', '医療', 'Japan', '名古屋', 23, 5),
  (682, '港湾社会福祉連盟 D', '公共', 'Japan', '大阪', 23, 5),
  (683, '城西医療共同体 E', '金融', 'Japan', '福岡', 23, 5),
  (684, '中央金融センター F', 'インフラ', 'Japan', '札幌', 23, 5),
  (685, '国際公共設備管理 A', '医療', 'Japan', '仙台', 23, 5),
  (686, '環境スマートシティ推進 B', '公共', 'Japan', '高松', 23, 5),
  (687, '資源行政クラウド C', '金融', 'Japan', '熊本', 23, 5),
  (688, '都心エネルギー連合 D', 'インフラ', 'Japan', '広島', 23, 5),
  (689, '西都年金機構 E', '医療', 'Japan', '松山', 23, 5),
  (690, '京浜広域医療ネット F', '公共', 'Japan', '鹿児島', 23, 5),
  (691, '中部上下水道サービス A', '公共', 'Japan', '松山', 24, 5),
  (692, '関西防災テクノロジーズ B', '金融', 'Japan', '鹿児島', 24, 5),
  (693, '港湾社会福祉連盟 C', 'インフラ', 'Japan', '金沢', 24, 5),
  (694, '城西医療共同体 D', '医療', 'Japan', '静岡', 24, 5),
  (695, '中央金融センター E', '公共', 'Japan', '東京', 24, 5),
  (696, '国際公共設備管理 F', '金融', 'Japan', '名古屋', 24, 5),
  (697, '環境スマートシティ推進 A', 'インフラ', 'Japan', '大阪', 24, 5),
  (698, '資源行政クラウド B', '医療', 'Japan', '福岡', 24, 5),
  (699, '都心エネルギー連合 C', '公共', 'Japan', '札幌', 24, 5),
  (700, '西都年金機構 D', '金融', 'Japan', '仙台', 24, 5),
  (701, '京浜広域医療ネット E', 'インフラ', 'Japan', '高松', 24, 5),
  (702, '東海地方銀行 F', '医療', 'Japan', '熊本', 24, 5),
  (703, '瀬戸内都市信託 A', '公共', 'Japan', '広島', 24, 5),
  (704, '北陸地域交通公社 B', '金融', 'Japan', '松山', 24, 5),
  (705, '九州電力パートナーズ C', 'インフラ', 'Japan', '鹿児島', 24, 5),
  (706, '四国上下水道サービス D', '医療', 'Japan', '金沢', 24, 5),
  (707, '中部防災テクノロジーズ E', '公共', 'Japan', '静岡', 24, 5),
  (708, '関西社会福祉連盟 F', '金融', 'Japan', '東京', 24, 5),
  (709, '港湾医療共同体 A', 'インフラ', 'Japan', '名古屋', 24, 5),
  (710, '城西金融センター B', '医療', 'Japan', '大阪', 24, 5),
  (711, '中央公共設備管理 C', '公共', 'Japan', '福岡', 24, 5),
  (712, '国際スマートシティ推進 D', '金融', 'Japan', '札幌', 24, 5),
  (713, '環境行政クラウド E', 'インフラ', 'Japan', '仙台', 24, 5),
  (714, '資源エネルギー連合 F', '医療', 'Japan', '高松', 24, 5),
  (715, '都心年金機構 A', '公共', 'Japan', '熊本', 24, 5),
  (716, '西都広域医療ネット B', '金融', 'Japan', '広島', 24, 5),
  (717, '京浜地方銀行 C', 'インフラ', 'Japan', '松山', 24, 5),
  (718, '東海都市信託 D', '医療', 'Japan', '鹿児島', 24, 5),
  (719, '瀬戸内地域交通公社 E', '公共', 'Japan', '金沢', 24, 5),
  (720, '北陸電力パートナーズ F', '金融', 'Japan', '静岡', 24, 5),
  (721, '城西金融センター A', '金融', 'Japan', '金沢', 25, 5),
  (722, '中央公共設備管理 B', 'インフラ', 'Japan', '静岡', 25, 5),
  (723, '国際スマートシティ推進 C', '医療', 'Japan', '東京', 25, 5),
  (724, '環境行政クラウド D', '公共', 'Japan', '名古屋', 25, 5),
  (725, '資源エネルギー連合 E', '金融', 'Japan', '大阪', 25, 5),
  (726, '都心年金機構 F', 'インフラ', 'Japan', '福岡', 25, 5),
  (727, '西都広域医療ネット A', '医療', 'Japan', '札幌', 25, 5),
  (728, '京浜地方銀行 B', '公共', 'Japan', '仙台', 25, 5),
  (729, '東海都市信託 C', '金融', 'Japan', '高松', 25, 5),
  (730, '瀬戸内地域交通公社 D', 'インフラ', 'Japan', '熊本', 25, 5),
  (731, '北陸電力パートナーズ E', '医療', 'Japan', '広島', 25, 5),
  (732, '九州上下水道サービス F', '公共', 'Japan', '松山', 25, 5),
  (733, '四国防災テクノロジーズ A', '金融', 'Japan', '鹿児島', 25, 5),
  (734, '中部社会福祉連盟 B', 'インフラ', 'Japan', '金沢', 25, 5),
  (735, '関西医療共同体 C', '医療', 'Japan', '静岡', 25, 5),
  (736, '港湾金融センター D', '公共', 'Japan', '東京', 25, 5),
  (737, '城西公共設備管理 E', '金融', 'Japan', '名古屋', 25, 5),
  (738, '中央スマートシティ推進 F', 'インフラ', 'Japan', '大阪', 25, 5),
  (739, '国際行政クラウド A', '医療', 'Japan', '福岡', 25, 5),
  (740, '環境エネルギー連合 B', '公共', 'Japan', '札幌', 25, 5),
  (741, '資源年金機構 C', '金融', 'Japan', '仙台', 25, 5),
  (742, '都心広域医療ネット D', 'インフラ', 'Japan', '高松', 25, 5),
  (743, '西都地方銀行 E', '医療', 'Japan', '熊本', 25, 5),
  (744, '京浜都市信託 F', '公共', 'Japan', '広島', 25, 5),
  (745, '東海地域交通公社 A', '金融', 'Japan', '松山', 25, 5),
  (746, '瀬戸内電力パートナーズ B', 'インフラ', 'Japan', '鹿児島', 25, 5),
  (747, '北陸上下水道サービス C', '医療', 'Japan', '金沢', 25, 5),
  (748, '九州防災テクノロジーズ D', '公共', 'Japan', '静岡', 25, 5),
  (749, '四国社会福祉連盟 E', '金融', 'Japan', '東京', 25, 5),
  (750, '中部医療共同体 F', 'インフラ', 'Japan', '名古屋', 25, 5),
  (751, '環境エネルギー連合 A', 'インフラ', 'Japan', '東京', 26, 5),
  (752, '資源年金機構 B', '医療', 'Japan', '名古屋', 26, 5),
  (753, '都心広域医療ネット C', '公共', 'Japan', '大阪', 26, 5),
  (754, '西都地方銀行 D', '金融', 'Japan', '福岡', 26, 5),
  (755, '京浜都市信託 E', 'インフラ', 'Japan', '札幌', 26, 5),
  (756, '東海地域交通公社 F', '医療', 'Japan', '仙台', 26, 5),
  (757, '瀬戸内電力パートナーズ A', '公共', 'Japan', '高松', 26, 5),
  (758, '北陸上下水道サービス B', '金融', 'Japan', '熊本', 26, 5),
  (759, '九州防災テクノロジーズ C', 'インフラ', 'Japan', '広島', 26, 5),
  (760, '四国社会福祉連盟 D', '医療', 'Japan', '松山', 26, 5),
  (761, '中部医療共同体 E', '公共', 'Japan', '鹿児島', 26, 5),
  (762, '関西金融センター F', '金融', 'Japan', '金沢', 26, 5),
  (763, '港湾公共設備管理 A', 'インフラ', 'Japan', '静岡', 26, 5),
  (764, '城西スマートシティ推進 B', '医療', 'Japan', '東京', 26, 5),
  (765, '中央行政クラウド C', '公共', 'Japan', '名古屋', 26, 5),
  (766, '国際エネルギー連合 D', '金融', 'Japan', '大阪', 26, 5),
  (767, '環境年金機構 E', 'インフラ', 'Japan', '福岡', 26, 5),
  (768, '資源広域医療ネット F', '医療', 'Japan', '札幌', 26, 5),
  (769, '都心地方銀行 A', '公共', 'Japan', '仙台', 26, 5),
  (770, '西都都市信託 B', '金融', 'Japan', '高松', 26, 5),
  (771, '京浜地域交通公社 C', 'インフラ', 'Japan', '熊本', 26, 5),
  (772, '東海電力パートナーズ D', '医療', 'Japan', '広島', 26, 5),
  (773, '瀬戸内上下水道サービス E', '公共', 'Japan', '松山', 26, 5),
  (774, '北陸防災テクノロジーズ F', '金融', 'Japan', '鹿児島', 26, 5),
  (775, '九州社会福祉連盟 A', 'インフラ', 'Japan', '金沢', 26, 5),
  (776, '四国医療共同体 B', '医療', 'Japan', '静岡', 26, 5),
  (777, '中部金融センター C', '公共', 'Japan', '東京', 26, 5),
  (778, '関西公共設備管理 D', '金融', 'Japan', '名古屋', 26, 5),
  (779, '港湾スマートシティ推進 E', 'インフラ', 'Japan', '大阪', 26, 5),
  (780, '城西行政クラウド F', '医療', 'Japan', '福岡', 26, 5),
  (781, '西都都市信託 A', '医療', 'Japan', '大阪', 27, 5),
  (782, '京浜地域交通公社 B', '公共', 'Japan', '福岡', 27, 5),
  (783, '東海電力パートナーズ C', '金融', 'Japan', '札幌', 27, 5),
  (784, '瀬戸内上下水道サービス D', 'インフラ', 'Japan', '仙台', 27, 5),
  (785, '北陸防災テクノロジーズ E', '医療', 'Japan', '高松', 27, 5),
  (786, '九州社会福祉連盟 F', '公共', 'Japan', '熊本', 27, 5),
  (787, '四国医療共同体 A', '金融', 'Japan', '広島', 27, 5),
  (788, '中部金融センター B', 'インフラ', 'Japan', '松山', 27, 5),
  (789, '関西公共設備管理 C', '医療', 'Japan', '鹿児島', 27, 5),
  (790, '港湾スマートシティ推進 D', '公共', 'Japan', '金沢', 27, 5),
  (791, '城西行政クラウド E', '金融', 'Japan', '静岡', 27, 5),
  (792, '中央エネルギー連合 F', 'インフラ', 'Japan', '東京', 27, 5),
  (793, '国際年金機構 A', '医療', 'Japan', '名古屋', 27, 5),
  (794, '環境広域医療ネット B', '公共', 'Japan', '大阪', 27, 5),
  (795, '資源地方銀行 C', '金融', 'Japan', '福岡', 27, 5),
  (796, '都心都市信託 D', 'インフラ', 'Japan', '札幌', 27, 5),
  (797, '西都地域交通公社 E', '医療', 'Japan', '仙台', 27, 5),
  (798, '京浜電力パートナーズ F', '公共', 'Japan', '高松', 27, 5),
  (799, '東海上下水道サービス A', '金融', 'Japan', '熊本', 27, 5),
  (800, '瀬戸内防災テクノロジーズ B', 'インフラ', 'Japan', '広島', 27, 5),
  (801, '北陸社会福祉連盟 C', '医療', 'Japan', '松山', 27, 5),
  (802, '九州医療共同体 D', '公共', 'Japan', '鹿児島', 27, 5),
  (803, '四国金融センター E', '金融', 'Japan', '金沢', 27, 5),
  (804, '中部公共設備管理 F', 'インフラ', 'Japan', '静岡', 27, 5),
  (805, '関西スマートシティ推進 A', '医療', 'Japan', '東京', 27, 5),
  (806, '港湾行政クラウド B', '公共', 'Japan', '名古屋', 27, 5),
  (807, '城西エネルギー連合 C', '金融', 'Japan', '大阪', 27, 5),
  (808, '中央年金機構 D', 'インフラ', 'Japan', '福岡', 27, 5),
  (809, '国際広域医療ネット E', '医療', 'Japan', '札幌', 27, 5),
  (810, '環境地方銀行 F', '公共', 'Japan', '仙台', 27, 5),
  (811, 'Crescent Industries A', 'Technology', 'United States', 'New York', 28, 6),
  (812, 'IronGate Labs B', 'Manufacturing', 'United States', 'Austin', 28, 6),
  (813, 'Seaway Software C', 'Finance', 'United States', 'Boston', 28, 6),
  (814, 'Skybound Networks D', 'Logistics', 'United States', 'Denver', 28, 6),
  (815, 'Atlas Capital E', 'Technology', 'United States', 'Chicago', 28, 6),
  (816, 'Frontier Analytics F', 'Manufacturing', 'United States', 'Los Angeles', 28, 6),
  (817, 'Apex Manufacturing A', 'Finance', 'United States', 'Portland', 28, 6),
  (818, 'Harbor Retail B', 'Logistics', 'United States', 'Atlanta', 28, 6),
  (819, 'Summit Mobility C', 'Technology', 'United States', 'Vancouver', 28, 6),
  (820, 'NorthBridge Energy D', 'Manufacturing', 'United States', 'Toronto', 28, 6),
  (821, 'BluePeak Dataworks E', 'Finance', 'United States', 'London', 28, 6),
  (822, 'Riverstone Automation F', 'Logistics', 'United States', 'Berlin', 28, 6),
  (823, 'Silverline Integrated Solutions A', 'Technology', 'United States', 'Singapore', 28, 6),
  (824, 'MapleCore Cloud Partners B', 'Manufacturing', 'United States', 'Sydney', 28, 6),
  (825, 'UrbanAxis Systems C', 'Finance', 'United States', 'Melbourne', 28, 6),
  (826, 'Brighton Robotics D', 'Logistics', 'United States', 'Dublin', 28, 6),
  (827, 'Evergreen Holdings E', 'Technology', 'United States', 'San Francisco', 28, 6),
  (828, 'GlobalEdge Logistics F', 'Manufacturing', 'United States', 'Seattle', 28, 6),
  (829, 'Crescent Industries A', 'Finance', 'United States', 'New York', 28, 6),
  (830, 'IronGate Labs B', 'Logistics', 'United States', 'Austin', 28, 6),
  (831, 'Seaway Software C', 'Technology', 'United States', 'Boston', 28, 6),
  (832, 'Skybound Networks D', 'Manufacturing', 'United States', 'Denver', 28, 6),
  (833, 'Atlas Capital E', 'Finance', 'United States', 'Chicago', 28, 6),
  (834, 'Frontier Analytics F', 'Logistics', 'United States', 'Los Angeles', 28, 6),
  (835, 'Apex Manufacturing A', 'Technology', 'United States', 'Portland', 28, 6),
  (836, 'Harbor Retail B', 'Manufacturing', 'United States', 'Atlanta', 28, 6),
  (837, 'Summit Mobility C', 'Finance', 'United States', 'Vancouver', 28, 6),
  (838, 'NorthBridge Energy D', 'Logistics', 'United States', 'Toronto', 28, 6),
  (839, 'BluePeak Dataworks E', 'Technology', 'United States', 'London', 28, 6),
  (840, 'Riverstone Automation F', 'Manufacturing', 'United States', 'Berlin', 28, 6),
  (841, 'Skybound Capital A', 'Manufacturing', 'United States', 'Boston', 29, 6),
  (842, 'Atlas Analytics B', 'Finance', 'United States', 'Denver', 29, 6),
  (843, 'Frontier Manufacturing C', 'Logistics', 'United States', 'Chicago', 29, 6),
  (844, 'Apex Retail D', 'Technology', 'United States', 'Los Angeles', 29, 6),
  (845, 'Harbor Mobility E', 'Manufacturing', 'United States', 'Portland', 29, 6),
  (846, 'Summit Energy F', 'Finance', 'United States', 'Atlanta', 29, 6),
  (847, 'NorthBridge Dataworks A', 'Logistics', 'United States', 'Vancouver', 29, 6),
  (848, 'BluePeak Automation B', 'Technology', 'United States', 'Toronto', 29, 6),
  (849, 'Riverstone Integrated Solutions C', 'Manufacturing', 'United States', 'London', 29, 6),
  (850, 'Silverline Cloud Partners D', 'Finance', 'United States', 'Berlin', 29, 6),
  (851, 'MapleCore Systems E', 'Logistics', 'United States', 'Singapore', 29, 6),
  (852, 'UrbanAxis Robotics F', 'Technology', 'United States', 'Sydney', 29, 6),
  (853, 'Brighton Holdings A', 'Manufacturing', 'United States', 'Melbourne', 29, 6),
  (854, 'Evergreen Logistics B', 'Finance', 'United States', 'Dublin', 29, 6),
  (855, 'GlobalEdge Industries C', 'Logistics', 'United States', 'San Francisco', 29, 6),
  (856, 'Crescent Labs D', 'Technology', 'United States', 'Seattle', 29, 6),
  (857, 'IronGate Software E', 'Manufacturing', 'United States', 'New York', 29, 6),
  (858, 'Seaway Networks F', 'Finance', 'United States', 'Austin', 29, 6),
  (859, 'Skybound Capital A', 'Logistics', 'United States', 'Boston', 29, 6),
  (860, 'Atlas Analytics B', 'Technology', 'United States', 'Denver', 29, 6),
  (861, 'Frontier Manufacturing C', 'Manufacturing', 'United States', 'Chicago', 29, 6),
  (862, 'Apex Retail D', 'Finance', 'United States', 'Los Angeles', 29, 6),
  (863, 'Harbor Mobility E', 'Logistics', 'United States', 'Portland', 29, 6),
  (864, 'Summit Energy F', 'Technology', 'United States', 'Atlanta', 29, 6),
  (865, 'NorthBridge Dataworks A', 'Manufacturing', 'United States', 'Vancouver', 29, 6),
  (866, 'BluePeak Automation B', 'Finance', 'United States', 'Toronto', 29, 6),
  (867, 'Riverstone Integrated Solutions C', 'Logistics', 'United States', 'London', 29, 6),
  (868, 'Silverline Cloud Partners D', 'Technology', 'United States', 'Berlin', 29, 6),
  (869, 'MapleCore Systems E', 'Manufacturing', 'United States', 'Singapore', 29, 6),
  (870, 'UrbanAxis Robotics F', 'Finance', 'United States', 'Sydney', 29, 6),
  (871, 'Apex Mobility A', 'Finance', 'United States', 'Chicago', 30, 6),
  (872, 'Harbor Energy B', 'Logistics', 'United States', 'Los Angeles', 30, 6),
  (873, 'Summit Dataworks C', 'Technology', 'United States', 'Portland', 30, 6),
  (874, 'NorthBridge Automation D', 'Manufacturing', 'United States', 'Atlanta', 30, 6),
  (875, 'BluePeak Integrated Solutions E', 'Finance', 'United States', 'Vancouver', 30, 6),
  (876, 'Riverstone Cloud Partners F', 'Logistics', 'United States', 'Toronto', 30, 6),
  (877, 'Silverline Systems A', 'Technology', 'United States', 'London', 30, 6),
  (878, 'MapleCore Robotics B', 'Manufacturing', 'United States', 'Berlin', 30, 6),
  (879, 'UrbanAxis Holdings C', 'Finance', 'United States', 'Singapore', 30, 6),
  (880, 'Brighton Logistics D', 'Logistics', 'United States', 'Sydney', 30, 6),
  (881, 'Evergreen Industries E', 'Technology', 'United States', 'Melbourne', 30, 6),
  (882, 'GlobalEdge Labs F', 'Manufacturing', 'United States', 'Dublin', 30, 6),
  (883, 'Crescent Software A', 'Finance', 'United States', 'San Francisco', 30, 6),
  (884, 'IronGate Networks B', 'Logistics', 'United States', 'Seattle', 30, 6),
  (885, 'Seaway Capital C', 'Technology', 'United States', 'New York', 30, 6),
  (886, 'Skybound Analytics D', 'Manufacturing', 'United States', 'Austin', 30, 6),
  (887, 'Atlas Manufacturing E', 'Finance', 'United States', 'Boston', 30, 6),
  (888, 'Frontier Retail F', 'Logistics', 'United States', 'Denver', 30, 6),
  (889, 'Apex Mobility A', 'Technology', 'United States', 'Chicago', 30, 6),
  (890, 'Harbor Energy B', 'Manufacturing', 'United States', 'Los Angeles', 30, 6),
  (891, 'Summit Dataworks C', 'Finance', 'United States', 'Portland', 30, 6),
  (892, 'NorthBridge Automation D', 'Logistics', 'United States', 'Atlanta', 30, 6),
  (893, 'BluePeak Integrated Solutions E', 'Technology', 'United States', 'Vancouver', 30, 6),
  (894, 'Riverstone Cloud Partners F', 'Manufacturing', 'United States', 'Toronto', 30, 6),
  (895, 'Silverline Systems A', 'Finance', 'United States', 'London', 30, 6),
  (896, 'MapleCore Robotics B', 'Logistics', 'United States', 'Berlin', 30, 6),
  (897, 'UrbanAxis Holdings C', 'Technology', 'United States', 'Singapore', 30, 6),
  (898, 'Brighton Logistics D', 'Manufacturing', 'United States', 'Sydney', 30, 6),
  (899, 'Evergreen Industries E', 'Finance', 'United States', 'Melbourne', 30, 6),
  (900, 'GlobalEdge Labs F', 'Logistics', 'United States', 'Dublin', 30, 6),
  (901, 'NorthBridge Integrated Solutions A', 'Logistics', 'United States', 'Portland', 31, 6),
  (902, 'BluePeak Cloud Partners B', 'Technology', 'United States', 'Atlanta', 31, 6),
  (903, 'Riverstone Systems C', 'Manufacturing', 'United States', 'Vancouver', 31, 6),
  (904, 'Silverline Robotics D', 'Finance', 'United States', 'Toronto', 31, 6),
  (905, 'MapleCore Holdings E', 'Logistics', 'United States', 'London', 31, 6),
  (906, 'UrbanAxis Logistics F', 'Technology', 'United States', 'Berlin', 31, 6),
  (907, 'Brighton Industries A', 'Manufacturing', 'United States', 'Singapore', 31, 6),
  (908, 'Evergreen Labs B', 'Finance', 'United States', 'Sydney', 31, 6),
  (909, 'GlobalEdge Software C', 'Logistics', 'United States', 'Melbourne', 31, 6),
  (910, 'Crescent Networks D', 'Technology', 'United States', 'Dublin', 31, 6),
  (911, 'IronGate Capital E', 'Manufacturing', 'United States', 'San Francisco', 31, 6),
  (912, 'Seaway Analytics F', 'Finance', 'United States', 'Seattle', 31, 6),
  (913, 'Skybound Manufacturing A', 'Logistics', 'United States', 'New York', 31, 6),
  (914, 'Atlas Retail B', 'Technology', 'United States', 'Austin', 31, 6),
  (915, 'Frontier Mobility C', 'Manufacturing', 'United States', 'Boston', 31, 6),
  (916, 'Apex Energy D', 'Finance', 'United States', 'Denver', 31, 6),
  (917, 'Harbor Dataworks E', 'Logistics', 'United States', 'Chicago', 31, 6),
  (918, 'Summit Automation F', 'Technology', 'United States', 'Los Angeles', 31, 6),
  (919, 'NorthBridge Integrated Solutions A', 'Manufacturing', 'United States', 'Portland', 31, 6),
  (920, 'BluePeak Cloud Partners B', 'Finance', 'United States', 'Atlanta', 31, 6),
  (921, 'Riverstone Systems C', 'Logistics', 'United States', 'Vancouver', 31, 6),
  (922, 'Silverline Robotics D', 'Technology', 'United States', 'Toronto', 31, 6),
  (923, 'MapleCore Holdings E', 'Manufacturing', 'United States', 'London', 31, 6),
  (924, 'UrbanAxis Logistics F', 'Finance', 'United States', 'Berlin', 31, 6),
  (925, 'Brighton Industries A', 'Logistics', 'United States', 'Singapore', 31, 6),
  (926, 'Evergreen Labs B', 'Technology', 'United States', 'Sydney', 31, 6),
  (927, 'GlobalEdge Software C', 'Manufacturing', 'United States', 'Melbourne', 31, 6),
  (928, 'Crescent Networks D', 'Finance', 'United States', 'Dublin', 31, 6),
  (929, 'IronGate Capital E', 'Logistics', 'United States', 'San Francisco', 31, 6),
  (930, 'Seaway Analytics F', 'Technology', 'United States', 'Seattle', 31, 6),
  (931, 'Silverline Holdings A', 'Technology', 'United States', 'Vancouver', 32, 6),
  (932, 'MapleCore Logistics B', 'Manufacturing', 'United States', 'Toronto', 32, 6),
  (933, 'UrbanAxis Industries C', 'Finance', 'United States', 'London', 32, 6),
  (934, 'Brighton Labs D', 'Logistics', 'United States', 'Berlin', 32, 6),
  (935, 'Evergreen Software E', 'Technology', 'United States', 'Singapore', 32, 6),
  (936, 'GlobalEdge Networks F', 'Manufacturing', 'United States', 'Sydney', 32, 6),
  (937, 'Crescent Capital A', 'Finance', 'United States', 'Melbourne', 32, 6),
  (938, 'IronGate Analytics B', 'Logistics', 'United States', 'Dublin', 32, 6),
  (939, 'Seaway Manufacturing C', 'Technology', 'United States', 'San Francisco', 32, 6),
  (940, 'Skybound Retail D', 'Manufacturing', 'United States', 'Seattle', 32, 6),
  (941, 'Atlas Mobility E', 'Finance', 'United States', 'New York', 32, 6),
  (942, 'Frontier Energy F', 'Logistics', 'United States', 'Austin', 32, 6),
  (943, 'Apex Dataworks A', 'Technology', 'United States', 'Boston', 32, 6),
  (944, 'Harbor Automation B', 'Manufacturing', 'United States', 'Denver', 32, 6),
  (945, 'Summit Integrated Solutions C', 'Finance', 'United States', 'Chicago', 32, 6),
  (946, 'NorthBridge Cloud Partners D', 'Logistics', 'United States', 'Los Angeles', 32, 6),
  (947, 'BluePeak Systems E', 'Technology', 'United States', 'Portland', 32, 6),
  (948, 'Riverstone Robotics F', 'Manufacturing', 'United States', 'Atlanta', 32, 6),
  (949, 'Silverline Holdings A', 'Finance', 'United States', 'Vancouver', 32, 6),
  (950, 'MapleCore Logistics B', 'Logistics', 'United States', 'Toronto', 32, 6),
  (951, 'UrbanAxis Industries C', 'Technology', 'United States', 'London', 32, 6),
  (952, 'Brighton Labs D', 'Manufacturing', 'United States', 'Berlin', 32, 6),
  (953, 'Evergreen Software E', 'Finance', 'United States', 'Singapore', 32, 6),
  (954, 'GlobalEdge Networks F', 'Logistics', 'United States', 'Sydney', 32, 6),
  (955, 'Crescent Capital A', 'Technology', 'United States', 'Melbourne', 32, 6),
  (956, 'IronGate Analytics B', 'Manufacturing', 'United States', 'Dublin', 32, 6),
  (957, 'Seaway Manufacturing C', 'Finance', 'United States', 'San Francisco', 32, 6),
  (958, 'Skybound Retail D', 'Logistics', 'United States', 'Seattle', 32, 6),
  (959, 'Atlas Mobility E', 'Technology', 'United States', 'New York', 32, 6),
  (960, 'Frontier Energy F', 'Manufacturing', 'United States', 'Austin', 32, 6),
  (961, 'Brighton Software A', 'Manufacturing', 'United States', 'London', 33, 6),
  (962, 'Evergreen Networks B', 'Finance', 'United States', 'Berlin', 33, 6),
  (963, 'GlobalEdge Capital C', 'Logistics', 'United States', 'Singapore', 33, 6),
  (964, 'Crescent Analytics D', 'Technology', 'United States', 'Sydney', 33, 6),
  (965, 'IronGate Manufacturing E', 'Manufacturing', 'United States', 'Melbourne', 33, 6),
  (966, 'Seaway Retail F', 'Finance', 'United States', 'Dublin', 33, 6),
  (967, 'Skybound Mobility A', 'Logistics', 'United States', 'San Francisco', 33, 6),
  (968, 'Atlas Energy B', 'Technology', 'United States', 'Seattle', 33, 6),
  (969, 'Frontier Dataworks C', 'Manufacturing', 'United States', 'New York', 33, 6),
  (970, 'Apex Automation D', 'Finance', 'United States', 'Austin', 33, 6),
  (971, 'Harbor Integrated Solutions E', 'Logistics', 'United States', 'Boston', 33, 6),
  (972, 'Summit Cloud Partners F', 'Technology', 'United States', 'Denver', 33, 6),
  (973, 'NorthBridge Systems A', 'Manufacturing', 'United States', 'Chicago', 33, 6),
  (974, 'BluePeak Robotics B', 'Finance', 'United States', 'Los Angeles', 33, 6),
  (975, 'Riverstone Holdings C', 'Logistics', 'United States', 'Portland', 33, 6),
  (976, 'Silverline Logistics D', 'Technology', 'United States', 'Atlanta', 33, 6),
  (977, 'MapleCore Industries E', 'Manufacturing', 'United States', 'Vancouver', 33, 6),
  (978, 'UrbanAxis Labs F', 'Finance', 'United States', 'Toronto', 33, 6),
  (979, 'Brighton Software A', 'Logistics', 'United States', 'London', 33, 6),
  (980, 'Evergreen Networks B', 'Technology', 'United States', 'Berlin', 33, 6),
  (981, 'GlobalEdge Capital C', 'Manufacturing', 'United States', 'Singapore', 33, 6),
  (982, 'Crescent Analytics D', 'Finance', 'United States', 'Sydney', 33, 6),
  (983, 'IronGate Manufacturing E', 'Logistics', 'United States', 'Melbourne', 33, 6),
  (984, 'Seaway Retail F', 'Technology', 'United States', 'Dublin', 33, 6),
  (985, 'Skybound Mobility A', 'Manufacturing', 'United States', 'San Francisco', 33, 6),
  (986, 'Atlas Energy B', 'Finance', 'United States', 'Seattle', 33, 6),
  (987, 'Frontier Dataworks C', 'Logistics', 'United States', 'New York', 33, 6),
  (988, 'Apex Automation D', 'Technology', 'United States', 'Austin', 33, 6),
  (989, 'Harbor Integrated Solutions E', 'Manufacturing', 'United States', 'Boston', 33, 6),
  (990, 'Summit Cloud Partners F', 'Finance', 'United States', 'Denver', 33, 6),
  (991, 'Vertex Solutions A', 'Retail', 'United States', 'Sydney', 34, 7),
  (992, 'Helios Payments B', 'Telecom', 'United States', 'Auckland', 34, 7),
  (993, 'Mariner Media C', 'Technology', 'United States', 'Toronto', 34, 7),
  (994, 'Falcon Cloud D', 'Finance', 'United States', 'Chicago', 34, 7),
  (995, 'Horizon Data Exchange E', 'Retail', 'United States', 'London', 34, 7),
  (996, 'Capstone Mobility F', 'Telecom', 'United States', 'Paris', 34, 7),
  (997, 'Regency Consulting A', 'Technology', 'United States', 'Amsterdam', 34, 7),
  (998, 'Crown Group B', 'Finance', 'United States', 'Frankfurt', 34, 7),
  (999, 'Metro Global C', 'Retail', 'United States', 'Zurich', 34, 7),
  (1000, 'Aurora Investments D', 'Telecom', 'United States', 'Stockholm', 34, 7),
  (1001, 'Quantum Telecom E', 'Technology', 'United States', 'Oslo', 34, 7),
  (1002, 'BlueWave Commerce F', 'Finance', 'United States', 'Helsinki', 34, 7),
  (1003, 'Union Retail Group A', 'Retail', 'United States', 'Dubai', 34, 7),
  (1004, 'Bridgewater Digital B', 'Telecom', 'United States', 'Hong Kong', 34, 7),
  (1005, 'Continental Networks C', 'Technology', 'United States', 'Singapore', 34, 7),
  (1006, 'Sterling Capital D', 'Finance', 'United States', 'Bangkok', 34, 7),
  (1007, 'Pacific Ventures E', 'Retail', 'United States', 'Jakarta', 34, 7),
  (1008, 'Eastern Systems F', 'Telecom', 'United States', 'Kuala Lumpur', 34, 7),
  (1009, 'Vertex Solutions A', 'Technology', 'United States', 'Sydney', 34, 7),
  (1010, 'Helios Payments B', 'Finance', 'United States', 'Auckland', 34, 7),
  (1011, 'Mariner Media C', 'Retail', 'United States', 'Toronto', 34, 7),
  (1012, 'Falcon Cloud D', 'Telecom', 'United States', 'Chicago', 34, 7),
  (1013, 'Horizon Data Exchange E', 'Technology', 'United States', 'London', 34, 7),
  (1014, 'Capstone Mobility F', 'Finance', 'United States', 'Paris', 34, 7),
  (1015, 'Regency Consulting A', 'Retail', 'United States', 'Amsterdam', 34, 7),
  (1016, 'Crown Group B', 'Telecom', 'United States', 'Frankfurt', 34, 7),
  (1017, 'Metro Global C', 'Technology', 'United States', 'Zurich', 34, 7),
  (1018, 'Aurora Investments D', 'Finance', 'United States', 'Stockholm', 34, 7),
  (1019, 'Quantum Telecom E', 'Retail', 'United States', 'Oslo', 34, 7),
  (1020, 'BlueWave Commerce F', 'Telecom', 'United States', 'Helsinki', 34, 7),
  (1021, 'Falcon Data Exchange A', 'Telecom', 'United States', 'Toronto', 35, 7),
  (1022, 'Horizon Mobility B', 'Technology', 'United States', 'Chicago', 35, 7),
  (1023, 'Capstone Consulting C', 'Finance', 'United States', 'London', 35, 7),
  (1024, 'Regency Group D', 'Retail', 'United States', 'Paris', 35, 7),
  (1025, 'Crown Global E', 'Telecom', 'United States', 'Amsterdam', 35, 7),
  (1026, 'Metro Investments F', 'Technology', 'United States', 'Frankfurt', 35, 7),
  (1027, 'Aurora Telecom A', 'Finance', 'United States', 'Zurich', 35, 7),
  (1028, 'Quantum Commerce B', 'Retail', 'United States', 'Stockholm', 35, 7),
  (1029, 'BlueWave Retail Group C', 'Telecom', 'United States', 'Oslo', 35, 7),
  (1030, 'Union Digital D', 'Technology', 'United States', 'Helsinki', 35, 7),
  (1031, 'Bridgewater Networks E', 'Finance', 'United States', 'Dubai', 35, 7),
  (1032, 'Continental Capital F', 'Retail', 'United States', 'Hong Kong', 35, 7),
  (1033, 'Sterling Ventures A', 'Telecom', 'United States', 'Singapore', 35, 7),
  (1034, 'Pacific Systems B', 'Technology', 'United States', 'Bangkok', 35, 7),
  (1035, 'Eastern Solutions C', 'Finance', 'United States', 'Jakarta', 35, 7),
  (1036, 'Vertex Payments D', 'Retail', 'United States', 'Kuala Lumpur', 35, 7),
  (1037, 'Helios Media E', 'Telecom', 'United States', 'Sydney', 35, 7),
  (1038, 'Mariner Cloud F', 'Technology', 'United States', 'Auckland', 35, 7),
  (1039, 'Falcon Data Exchange A', 'Finance', 'United States', 'Toronto', 35, 7),
  (1040, 'Horizon Mobility B', 'Retail', 'United States', 'Chicago', 35, 7),
  (1041, 'Capstone Consulting C', 'Telecom', 'United States', 'London', 35, 7),
  (1042, 'Regency Group D', 'Technology', 'United States', 'Paris', 35, 7),
  (1043, 'Crown Global E', 'Finance', 'United States', 'Amsterdam', 35, 7),
  (1044, 'Metro Investments F', 'Retail', 'United States', 'Frankfurt', 35, 7),
  (1045, 'Aurora Telecom A', 'Telecom', 'United States', 'Zurich', 35, 7),
  (1046, 'Quantum Commerce B', 'Technology', 'United States', 'Stockholm', 35, 7),
  (1047, 'BlueWave Retail Group C', 'Finance', 'United States', 'Oslo', 35, 7),
  (1048, 'Union Digital D', 'Retail', 'United States', 'Helsinki', 35, 7),
  (1049, 'Bridgewater Networks E', 'Telecom', 'United States', 'Dubai', 35, 7),
  (1050, 'Continental Capital F', 'Technology', 'United States', 'Hong Kong', 35, 7),
  (1051, 'Regency Global A', 'Technology', 'United States', 'London', 36, 7),
  (1052, 'Crown Investments B', 'Finance', 'United States', 'Paris', 36, 7),
  (1053, 'Metro Telecom C', 'Retail', 'United States', 'Amsterdam', 36, 7),
  (1054, 'Aurora Commerce D', 'Telecom', 'United States', 'Frankfurt', 36, 7),
  (1055, 'Quantum Retail Group E', 'Technology', 'United States', 'Zurich', 36, 7),
  (1056, 'BlueWave Digital F', 'Finance', 'United States', 'Stockholm', 36, 7),
  (1057, 'Union Networks A', 'Retail', 'United States', 'Oslo', 36, 7),
  (1058, 'Bridgewater Capital B', 'Telecom', 'United States', 'Helsinki', 36, 7),
  (1059, 'Continental Ventures C', 'Technology', 'United States', 'Dubai', 36, 7),
  (1060, 'Sterling Systems D', 'Finance', 'United States', 'Hong Kong', 36, 7),
  (1061, 'Pacific Solutions E', 'Retail', 'United States', 'Singapore', 36, 7),
  (1062, 'Eastern Payments F', 'Telecom', 'United States', 'Bangkok', 36, 7),
  (1063, 'Vertex Media A', 'Technology', 'United States', 'Jakarta', 36, 7),
  (1064, 'Helios Cloud B', 'Finance', 'United States', 'Kuala Lumpur', 36, 7),
  (1065, 'Mariner Data Exchange C', 'Retail', 'United States', 'Sydney', 36, 7),
  (1066, 'Falcon Mobility D', 'Telecom', 'United States', 'Auckland', 36, 7),
  (1067, 'Horizon Consulting E', 'Technology', 'United States', 'Toronto', 36, 7),
  (1068, 'Capstone Group F', 'Finance', 'United States', 'Chicago', 36, 7),
  (1069, 'Regency Global A', 'Retail', 'United States', 'London', 36, 7),
  (1070, 'Crown Investments B', 'Telecom', 'United States', 'Paris', 36, 7),
  (1071, 'Metro Telecom C', 'Technology', 'United States', 'Amsterdam', 36, 7),
  (1072, 'Aurora Commerce D', 'Finance', 'United States', 'Frankfurt', 36, 7),
  (1073, 'Quantum Retail Group E', 'Retail', 'United States', 'Zurich', 36, 7),
  (1074, 'BlueWave Digital F', 'Telecom', 'United States', 'Stockholm', 36, 7),
  (1075, 'Union Networks A', 'Technology', 'United States', 'Oslo', 36, 7),
  (1076, 'Bridgewater Capital B', 'Finance', 'United States', 'Helsinki', 36, 7),
  (1077, 'Continental Ventures C', 'Retail', 'United States', 'Dubai', 36, 7),
  (1078, 'Sterling Systems D', 'Telecom', 'United States', 'Hong Kong', 36, 7),
  (1079, 'Pacific Solutions E', 'Technology', 'United States', 'Singapore', 36, 7),
  (1080, 'Eastern Payments F', 'Finance', 'United States', 'Bangkok', 36, 7),
  (1081, 'Aurora Retail Group A', 'Finance', 'United States', 'Amsterdam', 37, 7),
  (1082, 'Quantum Digital B', 'Retail', 'United States', 'Frankfurt', 37, 7),
  (1083, 'BlueWave Networks C', 'Telecom', 'United States', 'Zurich', 37, 7),
  (1084, 'Union Capital D', 'Technology', 'United States', 'Stockholm', 37, 7),
  (1085, 'Bridgewater Ventures E', 'Finance', 'United States', 'Oslo', 37, 7),
  (1086, 'Continental Systems F', 'Retail', 'United States', 'Helsinki', 37, 7),
  (1087, 'Sterling Solutions A', 'Telecom', 'United States', 'Dubai', 37, 7),
  (1088, 'Pacific Payments B', 'Technology', 'United States', 'Hong Kong', 37, 7),
  (1089, 'Eastern Media C', 'Finance', 'United States', 'Singapore', 37, 7),
  (1090, 'Vertex Cloud D', 'Retail', 'United States', 'Bangkok', 37, 7),
  (1091, 'Helios Data Exchange E', 'Telecom', 'United States', 'Jakarta', 37, 7),
  (1092, 'Mariner Mobility F', 'Technology', 'United States', 'Kuala Lumpur', 37, 7),
  (1093, 'Falcon Consulting A', 'Finance', 'United States', 'Sydney', 37, 7),
  (1094, 'Horizon Group B', 'Retail', 'United States', 'Auckland', 37, 7),
  (1095, 'Capstone Global C', 'Telecom', 'United States', 'Toronto', 37, 7),
  (1096, 'Regency Investments D', 'Technology', 'United States', 'Chicago', 37, 7),
  (1097, 'Crown Telecom E', 'Finance', 'United States', 'London', 37, 7),
  (1098, 'Metro Commerce F', 'Retail', 'United States', 'Paris', 37, 7),
  (1099, 'Aurora Retail Group A', 'Telecom', 'United States', 'Amsterdam', 37, 7),
  (1100, 'Quantum Digital B', 'Technology', 'United States', 'Frankfurt', 37, 7),
  (1101, 'BlueWave Networks C', 'Finance', 'United States', 'Zurich', 37, 7),
  (1102, 'Union Capital D', 'Retail', 'United States', 'Stockholm', 37, 7),
  (1103, 'Bridgewater Ventures E', 'Telecom', 'United States', 'Oslo', 37, 7),
  (1104, 'Continental Systems F', 'Technology', 'United States', 'Helsinki', 37, 7),
  (1105, 'Sterling Solutions A', 'Finance', 'United States', 'Dubai', 37, 7),
  (1106, 'Pacific Payments B', 'Retail', 'United States', 'Hong Kong', 37, 7),
  (1107, 'Eastern Media C', 'Telecom', 'United States', 'Singapore', 37, 7),
  (1108, 'Vertex Cloud D', 'Technology', 'United States', 'Bangkok', 37, 7),
  (1109, 'Helios Data Exchange E', 'Finance', 'United States', 'Jakarta', 37, 7),
  (1110, 'Mariner Mobility F', 'Retail', 'United States', 'Kuala Lumpur', 37, 7),
  (1111, 'Union Ventures A', 'Retail', 'United States', 'Zurich', 38, 7),
  (1112, 'Bridgewater Systems B', 'Telecom', 'United States', 'Stockholm', 38, 7),
  (1113, 'Continental Solutions C', 'Technology', 'United States', 'Oslo', 38, 7),
  (1114, 'Sterling Payments D', 'Finance', 'United States', 'Helsinki', 38, 7),
  (1115, 'Pacific Media E', 'Retail', 'United States', 'Dubai', 38, 7),
  (1116, 'Eastern Cloud F', 'Telecom', 'United States', 'Hong Kong', 38, 7),
  (1117, 'Vertex Data Exchange A', 'Technology', 'United States', 'Singapore', 38, 7),
  (1118, 'Helios Mobility B', 'Finance', 'United States', 'Bangkok', 38, 7),
  (1119, 'Mariner Consulting C', 'Retail', 'United States', 'Jakarta', 38, 7),
  (1120, 'Falcon Group D', 'Telecom', 'United States', 'Kuala Lumpur', 38, 7),
  (1121, 'Horizon Global E', 'Technology', 'United States', 'Sydney', 38, 7),
  (1122, 'Capstone Investments F', 'Finance', 'United States', 'Auckland', 38, 7),
  (1123, 'Regency Telecom A', 'Retail', 'United States', 'Toronto', 38, 7),
  (1124, 'Crown Commerce B', 'Telecom', 'United States', 'Chicago', 38, 7),
  (1125, 'Metro Retail Group C', 'Technology', 'United States', 'London', 38, 7),
  (1126, 'Aurora Digital D', 'Finance', 'United States', 'Paris', 38, 7),
  (1127, 'Quantum Networks E', 'Retail', 'United States', 'Amsterdam', 38, 7),
  (1128, 'BlueWave Capital F', 'Telecom', 'United States', 'Frankfurt', 38, 7),
  (1129, 'Union Ventures A', 'Technology', 'United States', 'Zurich', 38, 7),
  (1130, 'Bridgewater Systems B', 'Finance', 'United States', 'Stockholm', 38, 7),
  (1131, 'Continental Solutions C', 'Retail', 'United States', 'Oslo', 38, 7),
  (1132, 'Sterling Payments D', 'Telecom', 'United States', 'Helsinki', 38, 7),
  (1133, 'Pacific Media E', 'Technology', 'United States', 'Dubai', 38, 7),
  (1134, 'Eastern Cloud F', 'Finance', 'United States', 'Hong Kong', 38, 7),
  (1135, 'Vertex Data Exchange A', 'Retail', 'United States', 'Singapore', 38, 7),
  (1136, 'Helios Mobility B', 'Telecom', 'United States', 'Bangkok', 38, 7),
  (1137, 'Mariner Consulting C', 'Technology', 'United States', 'Jakarta', 38, 7),
  (1138, 'Falcon Group D', 'Finance', 'United States', 'Kuala Lumpur', 38, 7),
  (1139, 'Horizon Global E', 'Retail', 'United States', 'Sydney', 38, 7),
  (1140, 'Capstone Investments F', 'Telecom', 'United States', 'Auckland', 38, 7);

-- ========================
-- Product seed data
-- ========================
INSERT INTO Product (id, name, category, unit_price, is_subscription, default_term_months, is_active) VALUES
  (1, 'NexView Platform', 'Core', 480000, 1, 12, 1),
  (2, 'NexView Analytics Plus', 'Addon', 180000, 1, 12, 1),
  (3, 'Workflow Automation Pack', 'Addon', 120000, 1, 12, 1),
  (4, 'Security & Compliance Suite', 'Addon', 220000, 1, 12, 1),
  (5, 'Enterprise Support Plan', 'Service', 90000, 1, 12, 1),
  (6, 'Implementation Kickstart', 'Service', 350000, 0, NULL, 1),
  (7, 'Data Migration Service', 'Service', 280000, 0, NULL, 1),
  (8, 'Developer Sandbox', 'Addon', 60000, 1, 12, 1),
  (9, 'AI Assistant Module', 'Addon', 150000, 1, 12, 1),
  (10, 'IoT Integration Gateway', 'Addon', 200000, 1, 12, 1);
